$queries = array();

$queries['consumption'] = "INSERT INTO `consumption` (`id`, `meal`, `quantity`, `amount`, `total`, `type`, `prepared_quantity`, `report_date`, `createdAt`) VALUES
(1, 1, '15.00', '55.00', '825.00', 'sale', NULL, '2017-11-27', '2017-11-28 13:11:48'),
(2, 2, '33.00', '55.00', '1815.00', 'sale', NULL, '2017-11-27', '2017-11-28 13:11:48'),
(3, 4, '24.00', '65.00', '1560.00', 'sale', NULL, '2017-10-27', '2017-11-28 13:11:48'),
(4, 5, '22.00', '55.00', '1210.00', 'sale', NULL, '2017-11-27', '2017-11-28 13:11:48'),
(5, 1, '15.00', '55.00', '825.00', 'sale', NULL, '2017-11-27', '2017-11-28 13:15:17'),
(6, 2, '33.00', '55.00', '1815.00', 'sale', NULL, '2017-11-27', '2017-11-28 13:15:17'),
(7, 4, '24.00', '65.00', '1560.00', 'sale', NULL, '2017-11-27', '2017-11-28 13:15:17'),
(8, 5, '22.00', '55.00', '1210.00', 'sale', NULL, '2017-11-27', '2017-11-28 13:15:17'),
(9, 1, '15.00', '55.00', '825.00', 'sale', NULL, '2017-11-27', '2017-11-28 13:15:54'),
(10, 2, '33.00', '55.00', '1815.00', 'sale', NULL, '2017-11-27', '2017-11-28 13:15:54'),
(11, 4, '24.00', '65.00', '1560.00', 'sale', NULL, '2017-11-27', '2017-11-28 13:15:54'),
(12, 5, '22.00', '55.00', '1210.00', 'sale', NULL, '2017-11-27', '2017-11-28 13:15:54'),
(13, 1, '2.00', '0.00', '0.00', 'lost', NULL, '0000-00-00', '2017-11-28 13:16:47'),
(14, 1, '25.00', '55.00', '825.00', 'sale', NULL, '2017-11-29', '2017-11-29 11:50:58'),
(15, 2, '33.00', '55.00', '1815.00', 'sale', NULL, '2017-11-27', '2017-11-29 11:50:58'),
(16, 4, '24.00', '65.00', '1560.00', 'sale', NULL, '2017-11-27', '2017-11-29 11:50:58'),
(17, 5, '22.00', '55.00', '1210.00', 'sale', NULL, '2017-11-27', '2017-11-29 11:50:58'),
(18, 1, '15.00', '55.00', '825.00', 'sale', NULL, '2017-11-27', '2017-11-30 15:32:58'),
(19, 1, '15.00', '55.00', '825.00', 'sale', NULL, '2017-11-27', '2017-11-30 15:49:19'),
(20, 1, '15.00', '55.00', '825.00', 'sale', NULL, '2017-11-27', '2017-11-30 15:53:14'),
(21, 1, '15.00', '55.00', '825.00', 'sale', NULL, '2017-11-27', '2017-11-30 15:53:26'),
(22, 1, '15.00', '55.00', '825.00', 'sale', NULL, '2017-11-27', '2017-11-30 15:55:53'),
(23, 1, '15.00', '55.00', '825.00', 'sale', NULL, '2017-11-27', '2017-11-30 16:08:02'),
(24, 1, '15.00', '55.00', '825.00', 'sale', NULL, '2017-11-27', '2017-11-30 16:09:06'),
(25, 1, '15.00', '55.00', '825.00', 'sale', NULL, '2017-11-27', '2017-11-30 16:29:49'),
(26, 1, '15.00', '55.00', '825.00', 'sale', NULL, '2017-11-27', '2017-11-30 16:31:57'),
(27, 1, '15.00', '55.00', '825.00', 'sale', NULL, '2017-11-27', '2017-11-30 16:32:41'),
(28, 1, '15.00', '55.00', '825.00', 'sale', NULL, '2017-11-27', '2017-11-30 16:33:04'),
(29, 1, '15.00', '55.00', '825.00', 'sale', NULL, '2017-11-27', '2017-11-30 16:39:37'),
(30, 1, '15.00', '55.00', '825.00', 'sale', NULL, '2017-11-27', '2017-11-30 16:42:41'),
(31, 1, '15.00', '55.00', '825.00', 'sale', NULL, '2017-11-27', '2017-11-30 16:43:26'),
(32, 1, '15.00', '55.00', '825.00', 'sale', NULL, '2017-11-27', '2017-11-30 16:43:47'),
(33, 1, '15.00', '55.00', '825.00', 'sale', NULL, '2017-11-27', '2017-11-30 16:43:56'),
(34, 1, '15.00', '55.00', '825.00', 'sale', NULL, '2017-11-27', '2017-11-30 16:44:04'),
(35, 1, '15.00', '55.00', '825.00', 'sale', NULL, '2017-11-27', '2017-11-30 16:45:03'),
(36, 1, '15.00', '55.00', '825.00', 'sale', NULL, '2017-11-27', '2017-11-30 16:45:30'),
(37, 1, '15.00', '55.00', '825.00', 'sale', NULL, '2017-11-27', '2017-11-30 16:46:02'),
(38, 1, '15.00', '55.00', '825.00', 'sale', NULL, '2017-11-27', '2017-11-30 17:07:46'),
(39, 1, '15.00', '55.00', '825.00', 'sale', NULL, '2017-11-27', '2017-11-30 17:07:53'),
(40, 1, '15.00', '55.00', '825.00', 'sale', NULL, '2017-11-27', '2017-11-30 17:08:35'),
(41, 1, '15.00', '55.00', '825.00', 'sale', NULL, '2017-11-27', '2017-11-30 17:09:01'),
(42, 1, '15.00', '55.00', '825.00', 'sale', NULL, '2017-11-27', '2017-11-30 17:09:14'),
(43, 1, '15.00', '55.00', '825.00', 'sale', NULL, '2017-11-27', '2017-11-30 17:12:15'),
(44, 1, '15.00', '55.00', '825.00', 'sale', NULL, '2017-11-27', '2017-11-30 17:12:30'),
(45, 1, '15.00', '55.00', '825.00', 'sale', NULL, '2017-11-27', '2017-11-30 17:13:10'),
(46, 1, '15.00', '55.00', '825.00', 'sale', NULL, '2017-11-27', '2017-11-30 17:13:32'),
(47, 1, '15.00', '55.00', '825.00', 'sale', NULL, '2017-11-27', '2017-11-30 17:16:13'),
(48, 1, '15.00', '55.00', '825.00', 'sale', NULL, '2017-11-27', '2017-11-30 17:17:48'),
(49, 1, '15.00', '55.00', '825.00', 'sale', NULL, '2017-11-27', '2017-11-30 17:24:45'),
(50, 1, '15.00', '55.00', '825.00', 'sale', NULL, '2017-11-27', '2017-11-30 17:24:49'),
(51, 1, '15.00', '55.00', '825.00', 'sale', NULL, '2017-11-21', '2017-11-30 18:46:33'),
(52, 1, '15.00', '55.00', '825.00', 'sale', NULL, '2017-11-22', '2017-11-30 18:47:20'),
(53, 1, '15.00', '55.00', '825.00', 'sale', NULL, '2017-11-12', '2017-11-30 18:49:26'),
(54, 1, '30.00', '55.00', '1650.00', 'sale', NULL, '2017-12-03', '2017-12-03 14:07:43'),
(55, 1, '30.00', '55.00', '1650.00', 'sale', NULL, '2017-12-04', '2017-12-03 14:11:22'),
(56, 2, '33.00', '55.00', '1815.00', 'sale', NULL, '2017-12-04', '2017-12-04 19:38:59'),
(57, 2, '66.00', '55.00', '3630.00', 'sale', NULL, '2017-12-05', '2017-12-04 19:49:12'),
(58, 2, '33.00', '55.00', '1815.00', 'sale', NULL, '2017-12-08', '2017-12-04 19:59:00'),
(59, 2, '33.00', '55.00', '1815.00', 'sale', NULL, '2017-12-09', '2017-12-04 19:59:54'),
(60, 2, '0.00', '55.00', '0.00', 'prepared', NULL, '2017-12-10', '2017-12-04 20:01:11'),
(61, 2, '33.00', '55.00', '1815.00', 'sale', '22.00', '2017-12-11', '2017-12-04 20:03:56'),
(62, 2, '33.00', '55.00', '1815.00', 'sale', NULL, '2017-12-12', '2017-12-04 22:15:54'),
(63, 1, '2.00', '55.00', '110.00', 'prepared', NULL, '2017-12-10', '2017-12-10 14:52:10'),
(64, 5, '0.00', '55.00', '0.00', 'prepared', NULL, '2017-12-10', '2017-12-10 14:52:12'),
(65, 7, '0.00', '55.00', '0.00', 'prepared', NULL, '2017-12-10', '2017-12-10 14:52:12'),
(66, 16, '0.00', '60.00', '0.00', 'prepared', NULL, '2017-12-10', '2017-12-10 14:52:12'),
(67, 3, '0.00', '65.00', '0.00', 'prepared', NULL, '2017-12-10', '2017-12-10 14:52:12'),
(68, 1, '2.00', '55.00', '110.00', 'prepared', NULL, '2017-12-10', '2017-12-10 15:01:17'),
(69, 1, '0.00', '0.00', '0.00', 'prepared', '1.00', '2017-12-10', '2017-12-10 22:28:01'),
(70, 1, '0.00', '0.00', '0.00', 'sale', '3.00', '2017-12-10', '2017-12-10 22:29:13'),
(71, 5, '0.00', '0.00', '0.00', 'sale', '1.00', '2017-12-10', '2017-12-10 22:35:30'),
(72, 1, '0.00', '0.00', '0.00', 'sale', '3.00', '2017-12-11', '2017-12-11 13:40:09'),
(73, 5, '0.00', '0.00', '0.00', 'sale', '3.00', '2017-12-11', '2017-12-11 18:44:22'),
(74, 240, '0.00', '0.00', '0.00', 'sale', '1.00', '2017-12-11', '2017-12-11 18:50:42'),
(75, 1, '30.00', '55.00', '1650.00', 'sale', NULL, '2017-12-13', '2017-12-13 20:10:18'),
(76, 1, '30.00', '55.00', '1650.00', 'sale', NULL, '2017-12-14', '2017-12-14 13:21:22'),
(77, 1, '30.00', '55.00', '1650.00', 'sale', NULL, '2017-12-15', '2017-12-14 13:23:43'),
(78, 2, '0.00', '0.00', '0.00', 'sale', '110.00', '2017-12-16', '2017-12-16 00:26:15'),
(79, 1, '0.00', '0.00', '0.00', 'sale', '26.00', '2017-12-15', '2017-12-16 01:04:23'),
(80, 1, '30.00', '55.00', '1650.00', 'sale', '8.00', '2017-12-16', '2017-12-16 14:49:18');";



INSERT INTO `consumption_product` (`id`, `consumption`, `meal`, `product`, `created_at`, `unit_price`, `total`, `type`, `quantity`) VALUES
(1, 1, 1, 1, '2017-11-28 13:11:48', '20.00', '120.00', 'sale', '6.00'),
(2, 1, 1, 3, '2017-11-28 13:11:48', '40.00', '90.00', 'sale', '2.25'),
(3, 1, 1, 5, '2017-11-28 13:11:48', '70.00', '105.00', 'sale', '1.50'),
(4, 1, 1, 4, '2017-11-28 13:11:48', '1.00', '3.00', 'sale', '3.00'),
(5, 2, 2, 2, '2017-11-28 13:11:48', '3.00', '19.80', 'sale', '6.60'),
(6, 5, 1, 1, '2017-11-28 13:15:17', '20.00', '120.00', 'sale', '6.00'),
(7, 5, 1, 3, '2017-11-28 13:15:17', '40.00', '90.00', 'sale', '2.25'),
(8, 5, 1, 5, '2017-11-28 13:15:17', '70.00', '105.00', 'sale', '1.50'),
(9, 5, 1, 4, '2017-11-28 13:15:17', '1.00', '3.00', 'sale', '3.00'),
(10, 6, 2, 2, '2017-11-28 13:15:17', '3.00', '19.80', 'sale', '6.60'),
(11, 6, 2, 4, '2017-11-28 13:15:17', '1.00', '9.90', 'sale', '9.90'),
(12, 6, 2, 5, '2017-11-28 13:15:17', '70.00', '577.50', 'sale', '8.25'),
(13, 6, 2, 3, '2017-11-28 13:15:17', '40.00', '132.00', 'sale', '3.30'),
(14, 7, 4, 5, '2017-11-28 13:15:17', '70.00', '168.00', 'sale', '2.40'),
(15, 7, 4, 6, '2017-11-28 13:15:17', '120.00', '288.00', 'sale', '2.40'),
(16, 7, 4, 3, '2017-11-28 13:15:17', '40.00', '96.00', 'sale', '2.40'),
(17, 7, 4, 4, '2017-11-28 13:15:17', '1.00', '3.60', 'sale', '3.60'),
(18, 8, 5, 6, '2017-11-28 13:15:17', '120.00', '211.20', 'sale', '1.76'),
(19, 8, 5, 4, '2017-11-28 13:15:17', '1.00', '7.70', 'sale', '7.70'),
(20, 8, 5, 2, '2017-11-28 13:15:17', '3.00', '2.64', 'sale', '0.88'),
(21, 8, 5, 3, '2017-11-28 13:15:17', '40.00', '440.00', 'sale', '11.00'),
(22, 9, 1, 1, '2017-11-28 13:15:54', '20.00', '120.00', 'sale', '6.00'),
(23, 9, 1, 3, '2017-11-28 13:15:54', '40.00', '90.00', 'sale', '2.25'),
(24, 9, 1, 5, '2017-11-28 13:15:54', '70.00', '105.00', 'sale', '1.50'),
(25, 9, 1, 4, '2017-11-28 13:15:54', '1.00', '3.00', 'sale', '3.00'),
(26, 10, 2, 2, '2017-11-28 13:15:54', '3.00', '19.80', 'sale', '6.60'),
(27, 10, 2, 4, '2017-11-28 13:15:54', '1.00', '9.90', 'sale', '9.90'),
(28, 10, 2, 5, '2017-11-28 13:15:54', '70.00', '577.50', 'sale', '8.25'),
(29, 10, 2, 3, '2017-11-28 13:15:54', '40.00', '132.00', 'sale', '3.30'),
(30, 11, 4, 5, '2017-11-28 13:15:54', '70.00', '168.00', 'sale', '2.40'),
(31, 11, 4, 6, '2017-11-28 13:15:54', '120.00', '288.00', 'sale', '2.40'),
(32, 11, 4, 3, '2017-11-28 13:15:54', '40.00', '96.00', 'sale', '2.40'),
(33, 11, 4, 4, '2017-11-28 13:15:54', '1.00', '3.60', 'sale', '3.60'),
(34, 12, 5, 6, '2017-11-28 13:15:54', '120.00', '211.20', 'sale', '1.76'),
(35, 12, 5, 4, '2017-11-28 13:15:54', '1.00', '7.70', 'sale', '7.70'),
(36, 12, 5, 2, '2017-11-28 13:15:54', '3.00', '2.64', 'sale', '0.88'),
(37, 12, 5, 3, '2017-11-28 13:15:54', '40.00', '440.00', 'sale', '11.00'),
(38, 13, 1, 1, '2017-11-28 13:16:47', '20.00', '16.00', 'lost', '0.80'),
(39, 13, 1, 3, '2017-11-28 13:16:47', '40.00', '12.00', 'lost', '0.30'),
(40, 13, 1, 5, '2017-11-28 13:16:47', '70.00', '14.00', 'lost', '0.20'),
(41, 14, 1, 1, '2017-11-29 11:50:58', '20.00', '120.00', 'sale', '6.00'),
(42, 14, 1, 3, '2017-11-29 11:50:58', '40.00', '90.00', 'sale', '2.25'),
(43, 14, 1, 5, '2017-11-29 11:50:58', '70.00', '105.00', 'sale', '1.50'),
(44, 15, 2, 2, '2017-11-29 11:50:58', '3.00', '19.80', 'sale', '6.60'),
(45, 15, 2, 5, '2017-11-29 11:50:58', '70.00', '577.50', 'sale', '8.25'),
(46, 15, 2, 3, '2017-11-29 11:50:58', '40.00', '132.00', 'sale', '3.30'),
(47, 16, 4, 5, '2017-11-29 11:50:58', '70.00', '168.00', 'sale', '2.40'),
(48, 16, 4, 6, '2017-11-29 11:50:58', '120.00', '288.00', 'sale', '2.40'),
(49, 16, 4, 3, '2017-11-29 11:50:58', '40.00', '96.00', 'sale', '2.40'),
(50, 17, 5, 6, '2017-11-29 11:50:58', '120.00', '211.20', 'sale', '1.76'),
(51, 17, 5, 2, '2017-11-29 11:50:58', '3.00', '2.64', 'sale', '0.88'),
(52, 17, 5, 3, '2017-11-29 11:50:58', '40.00', '440.00', 'sale', '11.00'),
(53, 18, 1, 1, '2017-11-30 15:32:58', '20.00', '120.00', 'sale', '6.00'),
(54, 18, 1, 5, '2017-11-30 15:32:58', '70.00', '105.00', 'sale', '1.50'),
(55, 19, 1, 1, '2017-11-30 15:49:19', '20.00', '120.00', 'sale', '6.00'),
(56, 19, 1, 5, '2017-11-30 15:49:19', '70.00', '105.00', 'sale', '1.50'),
(57, 20, 1, 1, '2017-11-30 15:53:14', '20.00', '120.00', 'sale', '6.00'),
(58, 20, 1, 5, '2017-11-30 15:53:14', '70.00', '105.00', 'sale', '1.50'),
(59, 21, 1, 1, '2017-11-30 15:53:26', '20.00', '120.00', 'sale', '6.00'),
(60, 21, 1, 5, '2017-11-30 15:53:26', '70.00', '105.00', 'sale', '1.50'),
(61, 22, 1, 1, '2017-11-30 15:55:53', '20.00', '120.00', 'sale', '6.00'),
(62, 22, 1, 5, '2017-11-30 15:55:53', '70.00', '105.00', 'sale', '1.50'),
(63, 23, 1, 1, '2017-11-30 16:08:02', '20.00', '120.00', 'sale', '6.00'),
(64, 23, 1, 5, '2017-11-30 16:08:02', '70.00', '105.00', 'sale', '1.50'),
(65, 24, 1, 1, '2017-11-30 16:09:06', '20.00', '120.00', 'sale', '6.00'),
(66, 25, 1, 1, '2017-11-30 16:29:49', '20.00', '120.00', 'sale', '6.00'),
(67, 26, 1, 1, '2017-11-30 16:31:57', '20.00', '120.00', 'sale', '6.00'),
(68, 27, 1, 1, '2017-11-30 16:32:41', '20.00', '120.00', 'sale', '6.00'),
(69, 28, 1, 1, '2017-11-30 16:33:04', '20.00', '120.00', 'sale', '6.00'),
(70, 29, 1, 1, '2017-11-30 16:39:37', '20.00', '120.00', 'sale', '6.00'),
(71, 30, 1, 1, '2017-11-30 16:42:41', '21.00', '126.00', 'sale', '6.00'),
(72, 31, 1, 1, '2017-11-30 16:43:26', '21.00', '126.00', 'sale', '6.00'),
(73, 32, 1, 1, '2017-11-30 16:43:47', '21.00', '126.00', 'sale', '6.00'),
(74, 33, 1, 1, '2017-11-30 16:43:56', '20.00', '120.00', 'sale', '6.00'),
(75, 34, 1, 1, '2017-11-30 16:44:04', '20.00', '120.00', 'sale', '6.00'),
(76, 35, 1, 1, '2017-11-30 16:45:03', '20.00', '120.00', 'sale', '6.00'),
(77, 36, 1, 1, '2017-11-30 16:45:30', '21.00', '126.00', 'sale', '6.00'),
(78, 37, 1, 1, '2017-11-30 16:46:02', '21.00', '126.00', 'sale', '6.00'),
(79, 38, 1, 1, '2017-11-30 17:07:46', '20.00', '120.00', 'sale', '6.00'),
(80, 39, 1, 1, '2017-11-30 17:07:53', '20.00', '120.00', 'sale', '6.00'),
(81, 40, 1, 1, '2017-11-30 17:08:35', '20.00', '120.00', 'sale', '6.00'),
(82, 41, 1, 1, '2017-11-30 17:09:01', '20.00', '120.00', 'sale', '6.00'),
(83, 41, 1, 1, '2017-11-30 17:09:01', '21.00', '126.00', 'sale', '6.00'),
(84, 42, 1, 1, '2017-11-30 17:09:14', '20.00', '120.00', 'sale', '6.00'),
(85, 42, 1, 1, '2017-11-30 17:09:14', '21.00', '126.00', 'sale', '6.00'),
(86, 43, 1, 1, '2017-11-30 17:12:15', '20.00', '120.00', 'sale', '6.00'),
(87, 43, 1, 1, '2017-11-30 17:12:15', '21.00', '126.00', 'sale', '6.00'),
(88, 44, 1, 1, '2017-11-30 17:12:30', '20.00', '120.00', 'sale', '6.00'),
(89, 44, 1, 1, '2017-11-30 17:12:30', '21.00', '126.00', 'sale', '6.00'),
(90, 45, 1, 1, '2017-11-30 17:13:10', '20.00', '120.00', 'sale', '6.00'),
(91, 45, 1, 1, '2017-11-30 17:13:10', '21.00', '126.00', 'sale', '6.00'),
(92, 46, 1, 1, '2017-11-30 17:13:32', '20.00', '120.00', 'sale', '6.00'),
(93, 46, 1, 1, '2017-11-30 17:13:32', '21.00', '126.00', 'sale', '6.00'),
(94, 47, 1, 1, '2017-11-30 17:16:13', '20.00', '120.00', 'sale', '6.00'),
(95, 47, 1, 1, '2017-11-30 17:16:13', '21.00', '126.00', 'sale', '6.00'),
(96, 48, 1, 1, '2017-11-30 17:17:48', '21.00', '126.00', 'sale', '6.00'),
(97, 49, 1, 1, '2017-11-30 17:24:45', '21.00', '126.00', 'sale', '6.00'),
(98, 50, 1, 1, '2017-11-30 17:24:49', '21.00', '126.00', 'sale', '6.00'),
(99, 51, 1, 1, '2017-11-30 18:46:33', '20.00', '120.00', 'sale', '6.00'),
(100, 52, 1, 1, '2017-11-30 18:47:20', '20.00', '120.00', 'sale', '6.00'),
(101, 53, 1, 1, '2017-11-30 18:49:26', '21.00', '126.00', 'sale', '6.00'),
(102, 54, 1, 1, '2017-12-03 14:07:44', '20.00', '120.00', 'sale', '6.00'),
(103, 54, 1, 3, '2017-12-03 14:07:44', '40.00', '90.00', 'sale', '2.25'),
(104, 54, 1, 5, '2017-12-03 14:07:44', '70.00', '105.00', 'sale', '1.50'),
(105, 54, 1, 4, '2017-12-03 14:07:44', '1.00', '3.00', 'sale', '3.00'),
(106, 54, 1, 7, '2017-12-03 14:07:45', '13.00', '3.90', 'sale', '0.30'),
(107, 55, 1, 1, '2017-12-03 14:11:22', '20.00', '240.00', 'sale', '12.00'),
(108, 55, 1, 3, '2017-12-03 14:11:23', '40.00', '180.00', 'sale', '4.50'),
(109, 55, 1, 5, '2017-12-03 14:11:23', '70.00', '210.00', 'sale', '3.00'),
(110, 55, 1, 4, '2017-12-03 14:11:23', '1.00', '6.00', 'sale', '6.00'),
(111, 55, 1, 7, '2017-12-03 14:11:24', '13.00', '7.80', 'sale', '0.60'),
(112, 56, 2, 2, '2017-12-04 19:39:00', '3.00', '19.80', 'sale', '6.60'),
(113, 56, 2, 4, '2017-12-04 19:39:00', '1.00', '9.90', 'sale', '9.90'),
(114, 56, 2, 3, '2017-12-04 19:39:00', '40.00', '132.00', 'sale', '3.30'),
(115, 56, 2, 5, '2017-12-04 19:39:00', '70.00', '462.00', 'sale', '6.60'),
(116, 56, 2, 7, '2017-12-04 19:39:00', '13.00', '214.50', 'sale', '16.50'),
(117, 57, 2, 2, '2017-12-04 19:49:13', '3.00', '39.60', 'sale', '13.20'),
(118, 57, 2, 4, '2017-12-04 19:49:13', '1.00', '19.80', 'sale', '19.80'),
(119, 57, 2, 3, '2017-12-04 19:49:13', '40.00', '264.00', 'sale', '6.60'),
(120, 57, 2, 5, '2017-12-04 19:49:13', '70.00', '924.00', 'sale', '13.20'),
(121, 57, 2, 7, '2017-12-04 19:49:13', '13.00', '429.00', 'sale', '33.00'),
(122, 58, 2, 2, '2017-12-04 19:59:00', '3.00', '19.80', 'sale', '6.60'),
(123, 58, 2, 4, '2017-12-04 19:59:00', '1.00', '9.90', 'sale', '9.90'),
(124, 58, 2, 3, '2017-12-04 19:59:01', '40.00', '132.00', 'sale', '3.30'),
(125, 58, 2, 5, '2017-12-04 19:59:01', '70.00', '462.00', 'sale', '6.60'),
(126, 58, 2, 7, '2017-12-04 19:59:01', '15.00', '247.50', 'sale', '16.50'),
(127, 59, 2, 2, '2017-12-04 19:59:54', '3.00', '19.80', 'sale', '6.60'),
(128, 59, 2, 4, '2017-12-04 19:59:54', '1.00', '9.90', 'sale', '9.90'),
(129, 59, 2, 3, '2017-12-04 19:59:54', '40.00', '132.00', 'sale', '3.30'),
(130, 59, 2, 5, '2017-12-04 19:59:54', '70.00', '462.00', 'sale', '6.60'),
(131, 59, 2, 7, '2017-12-04 19:59:54', '15.00', '247.50', 'sale', '16.50'),
(132, 60, 2, 2, '2017-12-04 20:01:11', '3.00', '19.80', 'sale', '6.60'),
(133, 60, 2, 4, '2017-12-04 20:01:11', '1.00', '9.90', 'sale', '9.90'),
(134, 60, 2, 3, '2017-12-04 20:01:11', '40.00', '132.00', 'sale', '3.30'),
(135, 60, 2, 5, '2017-12-04 20:01:11', '70.00', '462.00', 'sale', '6.60'),
(136, 60, 2, 7, '2017-12-04 20:01:11', '15.00', '247.50', 'sale', '16.50'),
(137, 61, 2, 2, '2017-12-04 20:03:56', '3.00', '19.80', 'sale', '6.60'),
(138, 61, 2, 4, '2017-12-04 20:03:56', '1.00', '9.90', 'sale', '9.90'),
(139, 61, 2, 3, '2017-12-04 20:03:56', '40.00', '132.00', 'sale', '3.30'),
(140, 61, 2, 5, '2017-12-04 20:03:56', '70.00', '462.00', 'sale', '6.60'),
(141, 61, 2, 7, '2017-12-04 20:03:57', '14.00', '231.00', 'sale', '16.50'),
(142, 62, 2, 2, '2017-12-04 22:15:54', '3.00', '19.80', 'sale', '6.60'),
(143, 62, 2, 4, '2017-12-04 22:15:55', '1.00', '9.90', 'sale', '9.90'),
(144, 62, 2, 3, '2017-12-04 22:15:55', '40.00', '132.00', 'sale', '3.30'),
(145, 62, 2, 5, '2017-12-04 22:15:55', '70.00', '462.00', 'sale', '6.60'),
(146, 62, 2, 7, '2017-12-04 22:15:56', '16.00', '264.00', 'sale', '16.50'),
(147, 63, 1, 1, '2017-12-10 14:52:11', '20.00', '16.00', 'sale', '0.80'),
(148, 63, 1, 3, '2017-12-10 14:52:11', '40.00', '12.00', 'sale', '0.30'),
(149, 63, 1, 5, '2017-12-10 14:52:11', '70.00', '14.00', 'sale', '0.20'),
(150, 63, 1, 4, '2017-12-10 14:52:11', '1.00', '0.40', 'sale', '0.40'),
(151, 63, 1, 7, '2017-12-10 14:52:11', '15.00', '15.00', 'sale', '1.00'),
(152, 64, 5, 6, '2017-12-10 14:52:12', '120.00', '0.00', 'sale', '0.00'),
(153, 64, 5, 4, '2017-12-10 14:52:12', '1.00', '0.00', 'sale', '0.00'),
(154, 64, 5, 2, '2017-12-10 14:52:12', '3.00', '0.00', 'sale', '0.00'),
(155, 64, 5, 3, '2017-12-10 14:52:12', '40.00', '0.00', 'sale', '0.00'),
(156, 68, 1, 1, '2017-12-10 15:01:17', '20.00', '16.00', 'sale', '0.80'),
(157, 68, 1, 3, '2017-12-10 15:01:17', '40.00', '12.00', 'sale', '0.30'),
(158, 68, 1, 5, '2017-12-10 15:01:17', '70.00', '14.00', 'sale', '0.20'),
(159, 68, 1, 4, '2017-12-10 15:01:17', '1.00', '0.40', 'sale', '0.40'),
(160, 68, 1, 7, '2017-12-10 15:01:17', '15.00', '15.00', 'sale', '1.00'),
(161, 69, 1, 1, '2017-12-10 22:28:02', '20.00', '8.00', 'sale', '0.40'),
(162, 69, 1, 3, '2017-12-10 22:28:02', '40.00', '6.00', 'sale', '0.15'),
(163, 69, 1, 5, '2017-12-10 22:28:02', '70.00', '7.00', 'sale', '0.10'),
(164, 69, 1, 4, '2017-12-10 22:28:02', '1.00', '0.20', 'sale', '0.20'),
(165, 69, 1, 7, '2017-12-10 22:28:03', '15.00', '7.50', 'sale', '0.50'),
(166, 70, 1, 1, '2017-12-10 22:29:13', '20.00', '8.00', 'sale', '0.40'),
(167, 70, 1, 3, '2017-12-10 22:29:13', '40.00', '6.00', 'sale', '0.15'),
(168, 70, 1, 5, '2017-12-10 22:29:13', '70.00', '7.00', 'sale', '0.10'),
(169, 70, 1, 4, '2017-12-10 22:29:13', '1.00', '0.20', 'sale', '0.20'),
(170, 70, 1, 7, '2017-12-10 22:29:14', '15.00', '7.50', 'sale', '0.50'),
(171, 71, 5, 6, '2017-12-10 22:35:30', '120.00', '9.60', 'sale', '0.08'),
(172, 71, 5, 4, '2017-12-10 22:35:30', '1.00', '0.35', 'sale', '0.35'),
(173, 71, 5, 2, '2017-12-10 22:35:30', '3.00', '0.12', 'sale', '0.04'),
(174, 71, 5, 3, '2017-12-10 22:35:30', '40.00', '20.00', 'sale', '0.50'),
(175, 72, 1, 1, '2017-12-11 13:40:09', '20.00', '8.00', 'sale', '0.40'),
(176, 72, 1, 3, '2017-12-11 13:40:10', '40.00', '6.00', 'sale', '0.15'),
(177, 72, 1, 5, '2017-12-11 13:40:10', '70.00', '7.00', 'sale', '0.10'),
(178, 72, 1, 4, '2017-12-11 13:40:10', '1.00', '0.20', 'sale', '0.20'),
(179, 72, 1, 7, '2017-12-11 13:40:11', '15.00', '7.50', 'sale', '0.50'),
(180, 74, 240, 2, '2017-12-11 18:50:42', '3.00', '0.06', 'sale', '0.02'),
(181, 74, 240, 7, '2017-12-11 18:50:43', '15.00', '0.45', 'sale', '0.03'),
(182, 74, 240, 1, '2017-12-11 18:50:43', '20.00', '1.60', 'sale', '0.08'),
(183, 75, 1, 3, '2017-12-13 20:10:18', '40.00', '180.00', 'sale', '4.50'),
(184, 75, 1, 4, '2017-12-13 20:10:18', '1.00', '6.00', 'sale', '6.00'),
(185, 75, 1, 5, '2017-12-13 20:10:18', '70.00', '210.00', 'sale', '3.00'),
(186, 75, 1, 1, '2017-12-13 20:10:19', '20.00', '240.00', 'sale', '12.00'),
(187, 75, 1, 7, '2017-12-13 20:10:19', '15.00', '225.00', 'sale', '15.00'),
(188, 75, 1, 50, '2017-12-13 20:10:19', '14.00', '21.00', 'sale', '1.50'),
(189, 76, 1, 3, '2017-12-14 13:21:23', '40.00', '180.00', 'sale', '4.50'),
(190, 76, 1, 4, '2017-12-14 13:21:24', '1.00', '6.00', 'sale', '6.00'),
(191, 76, 1, 5, '2017-12-14 13:21:25', '70.00', '210.00', 'sale', '3.00'),
(192, 76, 1, 1, '2017-12-14 13:21:25', '20.00', '240.00', 'sale', '12.00'),
(193, 76, 1, 7, '2017-12-14 13:21:25', '15.00', '225.00', 'sale', '15.00'),
(194, 76, 1, 50, '2017-12-14 13:21:26', '14.00', '21.00', 'sale', '1.50'),
(195, 76, 1, 52, '2017-12-14 13:21:26', '6.00', '45.00', 'sale', '7.50'),
(196, 77, 1, 3, '2017-12-14 13:23:44', '40.00', '180.00', 'sale', '4.50'),
(197, 77, 1, 4, '2017-12-14 13:23:45', '1.00', '6.00', 'sale', '6.00'),
(198, 77, 1, 5, '2017-12-14 13:23:46', '70.00', '210.00', 'sale', '3.00'),
(199, 77, 1, 1, '2017-12-14 13:23:47', '20.00', '240.00', 'sale', '12.00'),
(200, 77, 1, 7, '2017-12-14 13:23:47', '15.00', '225.00', 'sale', '15.00'),
(201, 77, 1, 50, '2017-12-14 13:23:47', '14.00', '21.00', 'sale', '1.50'),
(202, 77, 1, 52, '2017-12-14 13:23:47', '6.00', '3.00', 'sale', '0.50'),
(203, 77, 1, 52, '2017-12-14 13:23:48', '7.40', '51.80', 'sale', '7.00'),
(204, 78, 2, 2, '2017-12-16 00:26:15', '3.00', '6.00', 'sale', '2.00'),
(205, 78, 2, 4, '2017-12-16 00:26:15', '1.00', '3.00', 'sale', '3.00'),
(206, 78, 2, 3, '2017-12-16 00:26:15', '40.00', '40.00', 'sale', '1.00'),
(207, 78, 2, 5, '2017-12-16 00:26:16', '70.00', '140.00', 'sale', '2.00'),
(208, 78, 2, 7, '2017-12-16 00:26:16', '15.00', '75.00', 'sale', '5.00'),
(209, 79, 1, 3, '2017-12-16 01:04:23', '40.00', '12.00', 'sale', '0.30'),
(210, 79, 1, 4, '2017-12-16 01:04:23', '1.00', '0.40', 'sale', '0.40'),
(211, 79, 1, 5, '2017-12-16 01:04:23', '70.00', '14.00', 'sale', '0.20'),
(212, 79, 1, 1, '2017-12-16 01:04:23', '20.00', '16.00', 'sale', '0.80'),
(213, 79, 1, 7, '2017-12-16 01:04:23', '15.00', '0.60', 'sale', '0.04'),
(214, 80, 1, 3, '2017-12-16 14:49:18', '40.00', '6.00', 'sale', '0.15'),
(215, 80, 1, 4, '2017-12-16 14:49:19', '1.00', '0.20', 'sale', '0.20'),
(216, 80, 1, 5, '2017-12-16 14:49:19', '70.00', '7.00', 'sale', '0.10'),
(217, 80, 1, 1, '2017-12-16 14:49:19', '20.00', '8.00', 'sale', '0.40'),
(218, 80, 1, 7, '2017-12-16 14:49:19', '15.00', '0.30', 'sale', '0.02');


INSERT INTO `department` (`id`, `name`, `image`) VALUES
(1, 'Boulangerie', 'boulangerie.jpg'),
(2, 'Pâtisserie', 'patisserie.jpg'),
(3, 'Viennoiserie', 'vinoiserie.jpg'),
(4, 'gateau', 'meal.jpg');




INSERT INTO `employee` (`id`, `name`, `prenom`, `cin`, `address`, `phone`, `salary`, `workType`, `image`, `created_at`) VALUES
(3, '', 'Salma', 'k', 'k', 'k', '2500.00', 'k', 'profile-default-male.png', '2017-11-28 13:25:17'),
(4, 'l', 'l', 'l', 'l', 'l', '3000.00', 'l', 'profile-default-male.png', '2017-11-28 13:27:13'),
(5, 'kk', 'k', 'k', 'k', 'k', '0.00', 'k', 'agadir.jpeg', '2017-11-28 13:31:35'),
(6, 'kkk', 'kk', 'k', 'k', 'k', '0.00', 'knnn', 'agadir.jpeg', '2017-12-03 15:06:46'),
(7, 'nn', 'n', 'n', 'n', 'n', '0.00', 'nnnnnnn', 'logo.jpg', '2017-12-03 15:07:07'),
(8, 'kkkk', NULL, NULL, NULL, NULL, NULL, NULL, 'profile-default-male.png', '2017-12-06 22:37:32');





INSERT INTO `employee_event` (`id`, `employee`, `day`, `remarque`, `created_at`) VALUES
(2, 3, '2017-12-01', 'absence 200', '2017-12-01 20:45:21'),
(5, 3, '2017-12-12', 'absence 200', '2017-12-03 15:53:38'),
(8, 3, '2017-12-14', 'test', '2017-12-03 15:56:13'),
(9, 3, '2017-12-11', 'test', '2017-12-03 15:56:31'),
(10, 4, '2017-12-07', '', '2017-12-06 12:40:40'),
(11, 4, '2017-12-08', 'absence 100', '2017-12-06 12:41:02'),
(12, 4, '2017-12-15', 'avance 500', '2017-12-06 12:41:27');





INSERT INTO `group` (`id`, `num`, `name`, `image`) VALUES
(243, 1, '', 'restaurant.jpg'),
(244, 2, 'SALADES', 'salade.jpg'),
(245, 3, 'PLATS', 'meal.jpg'),
(246, 4, 'PASTA', 'pasta.jpg'),
(247, 5, 'NOS PIZZAS', 'pizza2.jpg'),
(248, 6, 'PLAT DU JOURS', 'meal2.jpg'),
(249, 7, 'NOS BURGERS', 'burger.jpg'),
(250, 8, 'LES SANDWICHS', 'sandwich.jpg'),
(251, 9, 'PT. DEJEUNER', 'petit-dejeuner-sucre.jpg'),
(252, 10, 'LES TARTINES', 'restaurant.jpg'),
(253, 11, 'THES', 'restaurant.jpg'),
(254, 12, 'SODA', 'restaurant.jpg'),
(255, 13, 'JUS & COCKTAILS', 'restaurant.jpg'),
(256, 14, 'COFFEE CALDA', 'restaurant.jpg'),
(257, 15, 'COFFEE FREDO&CON GEL', 'restaurant.jpg'),
(258, 16, 'LES VINOISERIES', 'restaurant.jpg'),
(259, 17, 'LES TOASTS', 'restaurant.jpg'),
(260, 18, 'NOS OEUFS & OMLETTES', 'restaurant.jpg'),
(261, 19, 'CREPES SALEES', 'restaurant.jpg'),
(262, 20, 'CREPES SUCREES', 'restaurant.jpg'),
(263, 21, 'DOLCE (DOUCEURS)', 'restaurant.jpg'),
(264, 22, 'GELATO', 'restaurant.jpg'),
(265, 23, 'FORMULE MIDI', 'restaurant.jpg'),
(266, 24, 'MAROCAINS', 'restaurant.jpg'),
(267, 25, '', 'restaurant.jpg'),
(268, 26, '', 'restaurant.jpg'),
(269, 27, '', 'restaurant.jpg'),
(270, 28, '', 'restaurant.jpg'),
(271, 29, '', 'restaurant.jpg'),
(272, 30, '', 'restaurant.jpg');




INSERT INTO `magazin` (`id`, `name`, `department`) VALUES
(1, 'four', 2),
(2, 'Refrigerator', 2),
(3, 'test', 2),
(4, 'four', 1),
(7, 'four', 3),
(8, 'glace', 3),
(9, 'salade', 1),
(10, 'forne', 4);




INSERT INTO `meal` (`id`, `externalCode`, `name`, `group`, `cost`, `sellPrice`, `profit`, `products_count`, `created_at`) VALUES
(1, '000000000000000001', 'SALADE COMPLET', 244, '15.3', '55.00', '39.7', '3', '2017-11-27 20:24:07'),
(2, '000000000000000002', 'SALADE CESAR', 244, '25.4', '55.00', '29.6', '5', '2017-11-27 20:24:07'),
(3, '000000000000000003', 'SALADE DU CHEF', 244, '', '65.00', '', '0', '2017-11-27 20:24:07'),
(4, '000000000000000004', 'SALADE FRUIT DE MER', 244, '23.15', '65.00', '41.85', '4', '2017-11-27 20:24:07'),
(5, '000000000000000005', 'SALADE NIÇOISE', 244, '30.07', '55.00', '24.93', '4', '2017-11-27 20:24:07'),
(6, '000000000000000006', 'SALADE AVOCAT AUX CREVETTES', 244, '', '60.00', '', '0', '2017-11-27 20:24:07'),
(7, '000000000000000007', 'SALADE LEGUMES GRILLES', 244, '', '55.00', '', '0', '2017-11-27 20:24:07'),
(8, '000000000000000010', 'SANS SUCRE', 243, '', '0.00', '', '0', '2017-11-27 20:24:07'),
(9, '000000000000000014', 'PLAT FILET BOEUF SAUCE CHEF', 245, '', '105.00', '', '0', '2017-11-27 20:24:07'),
(10, '000000000000000015', 'PLAT ENTRECOTE FINES HERBES', 245, '', '95.00', '', '0', '2017-11-27 20:24:07'),
(11, '000000000000000016', 'PLAT CHÂTEAU BRILLANT', 245, '', '110.00', '', '0', '2017-11-27 20:24:07'),
(12, '000000000000000017', 'PLATS ESCALOPE CORDON BLEU', 245, '', '85.00', '', '0', '2017-11-27 20:24:07'),
(13, '000000000000000018', 'EMINCE BOEUF SAUCE CHOIX', 245, '', '85.00', '', '0', '2017-11-27 20:24:07'),
(14, '000000000000000019', 'PLAT POISSON DU JOIRS', 245, '', '105.00', '', '0', '2017-11-27 20:24:07'),
(15, '000000000000000026', 'BOLOGNAISE', 246, '', '60.00', '', '0', '2017-11-27 20:24:07'),
(16, '000000000000000027', 'POLLO-LEGUMES GRILLE', 246, '', '60.00', '', '0', '2017-11-27 20:24:07'),
(17, '000000000000000028', 'SALMONE', 246, '', '70.00', '', '0', '2017-11-27 20:24:07'),
(18, '000000000000000029', 'VERDE', 246, '', '55.00', '', '0', '2017-11-27 20:24:07'),
(19, '000000000000000030', 'FRUITS DE MER THON,OLIVE NOIR', 246, '', '70.00', '', '0', '2017-11-27 20:24:07'),
(20, '000000000000000031', 'THON OLIVE NOIR SAUCE TOMATE', 246, '', '55.00', '', '0', '2017-11-27 20:24:07'),
(21, '000000000000000032', 'RISSOTTO AUX FRUIT DE MER', 246, '', '70.00', '', '0', '2017-11-27 20:24:07'),
(22, '000000000000000033', 'RISSOTTO AUX CHOMPIGNONS', 246, '', '60.00', '', '0', '2017-11-27 20:24:07'),
(23, '000000000000000037', 'TAGLIATELLE', 246, '', '0.00', '', '0', '2017-11-27 20:24:07'),
(24, '000000000000000038', 'SPAGHETTI', 246, '', '0.00', '', '0', '2017-11-27 20:24:07'),
(25, '000000000000000039', 'PENNE', 246, '', '0.00', '', '0', '2017-11-27 20:24:07'),
(26, '000000000000000045', 'PIZZA MARGHARITA', 247, '', '45.00', '', '0', '2017-11-27 20:24:07'),
(27, '000000000000000046', 'PIZZA THON', 247, '', '55.00', '', '0', '2017-11-27 20:24:07'),
(28, '000000000000000047', 'PIZZA POULET', 247, '', '60.00', '', '0', '2017-11-27 20:24:07'),
(29, '000000000000000048', 'PIZZA FRUIT DE MER', 247, '', '70.00', '', '0', '2017-11-27 20:24:07'),
(30, '000000000000000049', 'PIZZA SAUMON', 247, '', '70.00', '', '0', '2017-11-27 20:24:07'),
(31, '000000000000000050', 'PIZZA VIANDE HACHEE', 247, '', '60.00', '', '0', '2017-11-27 20:24:07'),
(32, '000000000000000051', 'PIZZA 4 FROMAGE', 247, '', '70.00', '', '0', '2017-11-27 20:24:07'),
(33, '000000000000000054', 'SUPPLEMENT FRITE', 250, '', '15.00', '', '0', '2017-11-27 20:24:07'),
(34, '000000000000000058', 'COUSCOUS DE CHEF', 248, '', '60.00', '', '0', '2017-11-27 20:24:07'),
(35, '000000000000000059', 'TAGINE DU JOURS', 248, '', '60.00', '', '0', '2017-11-27 20:24:07'),
(36, '000000000000000065', 'BURGER SEGAFREDO', 249, '', '65.00', '', '0', '2017-11-27 20:24:07'),
(37, '000000000000000066', 'BURGER CESAR', 249, '', '60.00', '', '0', '2017-11-27 20:24:07'),
(38, '000000000000000067', 'BURGER FISH', 249, '', '65.00', '', '0', '2017-11-27 20:24:07'),
(39, '000000000000000073', 'THE BRODIES ', 253, '', '18.00', '', '0', '2017-11-27 20:24:07'),
(40, '000000000000000074', 'THE GLACE BRODIES', 253, '', '25.00', '', '0', '2017-11-27 20:24:07'),
(41, '000000000000000075', 'THE ', 253, '', '18.00', '', '0', '2017-11-27 20:24:07'),
(42, '000000000000000076', 'VERVEINE', 253, '', '18.00', '', '0', '2017-11-27 20:24:07'),
(43, '000000000000000077', 'SUPPLEMENT SIROP', 253, '', '5.00', '', '0', '2017-11-27 20:24:07'),
(44, '000000000000000078', 'BREAKFAST', 243, '', '0.00', '', '0', '2017-11-27 20:24:07'),
(45, '000000000000000079', 'AFTERNOON', 243, '', '0.00', '', '0', '2017-11-27 20:24:07'),
(46, '000000000000000080', 'DECAFFEINATED', 243, '', '0.00', '', '0', '2017-11-27 20:24:07'),
(47, '000000000000000081', 'EARLY GRY', 243, '', '0.00', '', '0', '2017-11-27 20:24:07'),
(48, '000000000000000082', 'DARJEELING', 243, '', '0.00', '', '0', '2017-11-27 20:24:07'),
(49, '000000000000000083', 'GREEN TEA', 243, '', '0.00', '', '0', '2017-11-27 20:24:07'),
(50, '000000000000000084', 'CAMOMILE', 243, '', '0.00', '', '0', '2017-11-27 20:24:07'),
(51, '000000000000000085', 'MENTHE', 253, '', '0.00', '', '0', '2017-11-27 20:24:07'),
(52, '000000000000000086', 'GRENADINE', 243, '', '0.00', '', '0', '2017-11-27 20:24:07'),
(53, '000000000000000087', 'MENTHE', 253, '', '0.00', '', '0', '2017-11-27 20:24:07'),
(54, '000000000000000088', 'CHIBA', 253, '', '0.00', '', '0', '2017-11-27 20:24:07'),
(55, '000000000000000089', 'SEC', 253, '', '0.00', '', '0', '2017-11-27 20:24:07'),
(56, '000000000000000090', 'COCA', 254, '', '17.00', '', '0', '2017-11-27 20:24:07'),
(57, '000000000000000091', 'FANTA', 254, '', '17.00', '', '0', '2017-11-27 20:24:07'),
(58, '000000000000000092', 'SPRITE', 254, '', '17.00', '', '0', '2017-11-27 20:24:07'),
(59, '000000000000000093', 'COCA LIGHT', 254, '', '17.00', '', '0', '2017-11-27 20:24:07'),
(60, '000000000000000094', 'ORANGINA', 254, '', '17.00', '', '0', '2017-11-27 20:24:07'),
(61, '000000000000000095', 'SCHWEPPES TONIC', 254, '', '17.00', '', '0', '2017-11-27 20:24:07'),
(62, '000000000000000096', 'SCHWEPPES CITRON', 254, '', '17.00', '', '0', '2017-11-27 20:24:07'),
(63, '000000000000000097', 'SIDI ALI 50 CL', 254, '', '12.00', '', '0', '2017-11-27 20:24:07'),
(64, '000000000000000098', 'OULMESS', 254, '', '17.00', '', '0', '2017-11-27 20:24:07'),
(65, '000000000000000100', 'CAFE LATTE', 243, '', '0.00', '', '0', '2017-11-27 20:24:07'),
(66, '000000000000000101', 'ESPRESSO', 243, '', '0.00', '', '0', '2017-11-27 20:24:07'),
(67, '000000000000000102', 'THE', 243, '', '0.00', '', '0', '2017-11-27 20:24:07'),
(68, '000000000000000105', 'MINI PAIN AU CHOCOLAT', 258, '', '6.00', '', '0', '2017-11-27 20:24:07'),
(69, '000000000000000106', 'CROISSANT', 258, '', '5.00', '', '0', '2017-11-27 20:24:07'),
(70, '000000000000000107', 'CROISSANT FOURRE', 258, '', '6.00', '', '0', '2017-11-27 20:24:07'),
(71, '000000000000000108', 'SHNAICK', 258, '', '6.00', '', '0', '2017-11-27 20:24:07'),
(72, '000000000000000109', 'PAIN AU RAISINS', 258, '', '12.00', '', '0', '2017-11-27 20:24:07'),
(73, '000000000000000110', 'ASSIETTE TRADITIONNELLE', 258, '', '18.00', '', '0', '2017-11-27 20:24:07'),
(74, '000000000000000111', 'MINI PAIN AU CHOCOLAT', 258, '', '0.00', '', '0', '2017-11-27 20:24:07'),
(75, '000000000000000112', 'CROISSANT', 258, '', '0.00', '', '0', '2017-11-27 20:24:07'),
(76, '000000000000000113', 'SHNAICK', 258, '', '0.00', '', '0', '2017-11-27 20:24:07'),
(77, '000000000000000114', 'PAIN AU RAISINS', 258, '', '0.00', '', '0', '2017-11-27 20:24:07'),
(78, '000000000000000115', 'ASSIETTE TRADITIONNELLE', 258, '', '0.00', '', '0', '2017-11-27 20:24:07'),
(79, '000000000000000116', 'TOAST BEURRE ET CONFITURE', 259, '', '12.00', '', '0', '2017-11-27 20:24:07'),
(80, '000000000000000117', 'TOAST AU FROMAGE', 259, '', '14.00', '', '0', '2017-11-27 20:24:07'),
(81, '000000000000000118', 'TOAST OEUF FROMAGE', 259, '', '16.00', '', '0', '2017-11-27 20:24:07'),
(82, '000000000000000119', 'TOAST JAMBON DE DINDE FROMAGE', 259, '', '18.00', '', '0', '2017-11-27 20:24:07'),
(83, '000000000000000120', 'TOAST JAMBON DINDE OEUF FROMAGE', 259, '', '22.00', '', '0', '2017-11-27 20:24:07'),
(84, '000000000000000122', 'TOAST BEURRE CONFITURE', 243, '', '0.00', '', '0', '2017-11-27 20:24:07'),
(85, '000000000000000123', 'TOAST FROMAGE OEUFS PLAT', 243, '', '0.00', '', '0', '2017-11-27 20:24:07'),
(86, '000000000000000124', 'OMLETTE SALADE DE FRUITS', 243, '', '0.00', '', '0', '2017-11-27 20:24:07'),
(87, '000000000000000127', 'OEUF AU PLAT', 260, '', '22.00', '', '0', '2017-11-27 20:24:07'),
(88, '000000000000000128', 'OEUFS BROUILLES', 260, '', '22.00', '', '0', '2017-11-27 20:24:07'),
(89, '000000000000000129', 'OMLETTE AU FROMAGE', 260, '', '24.00', '', '0', '2017-11-27 20:24:07'),
(90, '000000000000000130', 'OMLETTE JAMBON FROMAGE', 260, '', '26.00', '', '0', '2017-11-27 20:24:07'),
(91, '000000000000000131', 'OMLETTE AUX CHAMPIGNONS', 260, '', '26.00', '', '0', '2017-11-27 20:24:07'),
(92, '000000000000000135', 'CAFE AMERICAINE', 256, '', '18.00', '', '0', '2017-11-27 20:24:07'),
(93, '000000000000000138', 'JUS D''ORANGE', 255, '', '18.00', '', '0', '2017-11-27 20:24:07'),
(94, '000000000000000139', 'JUS DE CITRON', 255, '', '22.00', '', '0', '2017-11-27 20:24:07'),
(95, '000000000000000140', 'JUS D''ORANGE CAROTE', 255, '', '20.00', '', '0', '2017-11-27 20:24:07'),
(96, '000000000000000141', 'JUS D''ORANGE POMME CAROTE', 255, '', '24.00', '', '0', '2017-11-27 20:24:07'),
(97, '000000000000000142', 'JUS D''ORANGE BANANE CAROTE', 255, '', '24.00', '', '0', '2017-11-27 20:24:07'),
(98, '000000000000000143', 'JUS D''AVOCAT', 255, '', '25.00', '', '0', '2017-11-27 20:24:07'),
(99, '000000000000000144', 'PANACHE FRUIT DE FRAISE', 255, '', '25.00', '', '0', '2017-11-27 20:24:07'),
(100, '000000000000000145', 'AFTER GLOW', 255, '', '28.00', '', '0', '2017-11-27 20:24:07'),
(101, '000000000000000146', 'SUNRISE BLEND', 255, '', '32.00', '', '0', '2017-11-27 20:24:07'),
(102, '000000000000000147', 'VIRGIN PINA COLADA', 255, '', '32.00', '', '0', '2017-11-27 20:24:07'),
(103, '000000000000000148', 'FERDINAND ', 255, '', '32.00', '', '0', '2017-11-27 20:24:07'),
(104, '000000000000000149', 'VERGIN MOJITO', 255, '', '28.00', '', '0', '2017-11-27 20:24:07'),
(105, '000000000000000150', 'SKIN FOOD', 255, '', '32.00', '', '0', '2017-11-27 20:24:07'),
(106, '000000000000000151', 'VENDETTA', 255, '', '32.00', '', '0', '2017-11-27 20:24:07'),
(107, '000000000000000156', 'SANDWICH THON', 250, '', '38.00', '', '0', '2017-11-27 20:24:07'),
(108, '000000000000000157', 'SANDWICH SAUMON', 250, '', '38.00', '', '0', '2017-11-27 20:24:07'),
(109, '000000000000000158', 'SANDWICH POULET', 250, '', '38.00', '', '0', '2017-11-27 20:24:07'),
(110, '000000000000000159', 'SANDWICH POULET PAIN CIABATTA', 250, '', '38.00', '', '0', '2017-11-27 20:24:07'),
(111, '000000000000000160', 'SANDWICH VIANDE HACHE P.CIABATTA', 250, '', '38.00', '', '0', '2017-11-27 20:24:07'),
(112, '000000000000000161', 'SANDWICH LE BOUCHER P.CIABATTA', 250, '', '48.00', '', '0', '2017-11-27 20:24:07'),
(113, '000000000000000168', 'TARTINE SAUMON', 252, '', '38.00', '', '0', '2017-11-27 20:24:07'),
(114, '000000000000000169', 'TARTINE POULET', 252, '', '38.00', '', '0', '2017-11-27 20:24:07'),
(115, '000000000000000170', 'TARTINE THON', 252, '', '32.00', '', '0', '2017-11-27 20:24:07'),
(116, '000000000000000176', 'CREPE OEUF, FROMAGE', 261, '', '24.00', '', '0', '2017-11-27 20:24:07'),
(117, '000000000000000177', 'CREPE THON, FROMAGE', 261, '', '30.00', '', '0', '2017-11-27 20:24:07'),
(118, '000000000000000178', 'CREPE CHAMPIGNON FROMAGE', 261, '', '30.00', '', '0', '2017-11-27 20:24:07'),
(119, '000000000000000179', 'CREPE SAUMON FROMAGE', 261, '', '36.00', '', '0', '2017-11-27 20:24:07'),
(120, '000000000000000180', 'CREPE POULET CHAMPIGNON FROMAGE', 261, '', '35.00', '', '0', '2017-11-27 20:24:07'),
(121, '000000000000000186', 'ESPRESSO', 256, '', '15.00', '', '0', '2017-11-27 20:24:07'),
(122, '000000000000000187', 'SENZA', 256, '', '18.00', '', '0', '2017-11-27 20:24:07'),
(123, '000000000000000188', 'CAFFE DOPPIO', 256, '', '22.00', '', '0', '2017-11-27 20:24:07'),
(124, '000000000000000189', 'CAFE MACCHIATO', 256, '', '18.00', '', '0', '2017-11-27 20:24:07'),
(125, '000000000000000190', 'CAFE MAROCCHINO', 256, '', '18.00', '', '0', '2017-11-27 20:24:07'),
(126, '000000000000000191', 'CAFE NUTTELLINO', 256, '', '22.00', '', '0', '2017-11-27 20:24:07'),
(127, '000000000000000192', 'CAFFE CONPANNA', 256, '', '28.00', '', '0', '2017-11-27 20:24:07'),
(128, '000000000000000193', 'CAPPUCCINO', 256, '', '28.00', '', '0', '2017-11-27 20:24:07'),
(129, '000000000000000194', 'CAFEE LATTE MACCHIATO', 256, '', '22.00', '', '0', '2017-11-27 20:24:07'),
(130, '000000000000000195', 'CAFE LATTE VANILLA', 256, '', '22.00', '', '0', '2017-11-27 20:24:07'),
(131, '000000000000000196', 'CAFE LATTE CARAMEL', 256, '', '27.00', '', '0', '2017-11-27 20:24:07'),
(132, '000000000000000197', 'CAFFE MOKA', 256, '', '27.00', '', '0', '2017-11-27 20:24:07'),
(133, '000000000000000198', 'MEZZO MEZZO', 256, '', '28.00', '', '0', '2017-11-27 20:24:07'),
(134, '000000000000000199', 'CHOCOLAT CALDA', 256, '', '30.00', '', '0', '2017-11-27 20:24:07'),
(135, '000000000000000200', 'CHOCOLAT CONPANNA', 256, '', '34.00', '', '0', '2017-11-27 20:24:07'),
(136, '000000000000000201', 'CAFE ALONGER', 256, '', '18.00', '', '0', '2017-11-27 20:24:07'),
(137, '000000000000000207', 'ESPRESSO FREDO', 257, '', '22.00', '', '0', '2017-11-27 20:24:07'),
(138, '000000000000000208', 'CAPPUCCINO FREDO', 257, '', '28.00', '', '0', '2017-11-27 20:24:07'),
(139, '000000000000000209', 'CAFE LATTE MACCHIATO FREDO', 257, '', '28.00', '', '0', '2017-11-27 20:24:07'),
(140, '000000000000000210', 'MOKA FREDO', 257, '', '27.00', '', '0', '2017-11-27 20:24:07'),
(141, '000000000000000211', 'CHOCOLAT FREDO CONPANNA', 257, '', '34.00', '', '0', '2017-11-27 20:24:07'),
(142, '000000000000000212', 'ICED MEZZO MEZZO', 257, '', '28.00', '', '0', '2017-11-27 20:24:07'),
(143, '000000000000000213', 'CAFE AFFOGATO', 257, '', '34.00', '', '0', '2017-11-27 20:24:07'),
(144, '000000000000000214', 'CHOCOLAT AFFOGATO', 257, '', '34.00', '', '0', '2017-11-27 20:24:07'),
(145, '000000000000000215', 'CAPPUCCINO CON GELATO', 257, '', '34.00', '', '0', '2017-11-27 20:24:07'),
(146, '000000000000000216', 'SEGAFREDO CARAMELITA', 257, '', '34.00', '', '0', '2017-11-27 20:24:07'),
(147, '000000000000000217', 'FREDO FRAPPE ITALIANO', 257, '', '38.00', '', '0', '2017-11-27 20:24:07'),
(148, '000000000000000218', 'CLASSIC', 243, '', '0.00', '', '0', '2017-11-27 20:24:07'),
(149, '000000000000000219', 'FRENCH', 243, '', '0.00', '', '0', '2017-11-27 20:24:07'),
(150, '000000000000000220', 'VANILLA', 243, '', '0.00', '', '0', '2017-11-27 20:24:07'),
(151, '000000000000000221', 'ENGLISH TOFFE', 243, '', '0.00', '', '0', '2017-11-27 20:24:07'),
(152, '000000000000000222', 'DOUBLE MOCHA', 243, '', '0.00', '', '0', '2017-11-27 20:24:07'),
(153, '000000000000000223', 'CHOCOLATE BLANCO CON CARAMELO', 243, '', '0.00', '', '0', '2017-11-27 20:24:07'),
(154, '000000000000000228', 'PT. DEJ COLAZIONE', 251, '', '27.00', '', '0', '2017-11-27 20:24:07'),
(155, '000000000000000229', 'PT. DEJ COLAZIONE GRANDE', 251, '', '34.00', '', '0', '2017-11-27 20:24:07'),
(156, '000000000000000230', 'PT. DEJ MAROCAIN', 251, '', '32.00', '', '0', '2017-11-27 20:24:07'),
(157, '000000000000000231', 'PT. DEJ TRADITIONEL', 251, '', '28.00', '', '0', '2017-11-27 20:24:07'),
(158, '000000000000000232', 'PT. DEJ SEGAFREDO', 251, '', '48.00', '', '0', '2017-11-27 20:24:07'),
(159, '000000000000000239', 'CREPE SUCRE', 262, '', '14.00', '', '0', '2017-11-27 20:24:07'),
(160, '000000000000000240', 'CREPE CONFITURE/MIEL', 262, '', '16.00', '', '0', '2017-11-27 20:24:07'),
(161, '000000000000000241', 'CREPE MIEL ET NOIX', 262, '', '22.00', '', '0', '2017-11-27 20:24:07'),
(162, '000000000000000242', 'CREPE NUTELLA, BANANE ET NOIX', 262, '', '32.00', '', '0', '2017-11-27 20:24:07'),
(163, '000000000000000243', 'CREPE PROFITEROL', 262, '', '32.00', '', '0', '2017-11-27 20:24:07'),
(164, '000000000000000244', 'CREPE NUTELLA', 262, '', '24.00', '', '0', '2017-11-27 20:24:07'),
(165, '000000000000000245', 'CREPE NUTELLA NOIX', 262, '', '28.00', '', '0', '2017-11-27 20:24:07'),
(166, '000000000000000246', 'CREPE CHOCOLAT', 262, '', '22.00', '', '0', '2017-11-27 20:24:07'),
(167, '000000000000000247', 'CREPE CHOCOLAT NOIX', 262, '', '26.00', '', '0', '2017-11-27 20:24:07'),
(168, '000000000000000248', 'CREPE CHOCOLAT BANANENOIX', 262, '', '32.00', '', '0', '2017-11-27 20:24:07'),
(169, '000000000000000255', 'CAKES ', 263, '', '15.00', '', '0', '2017-11-27 20:24:07'),
(170, '000000000000000256', 'FONDANT CHOCOLAT GLACE VANILLE', 263, '', '30.00', '', '0', '2017-11-27 20:24:07'),
(171, '000000000000000257', 'TARTE AUX POMMES', 263, '', '30.00', '', '0', '2017-11-27 20:24:07'),
(172, '000000000000000258', 'CHEESE CAKE', 263, '', '30.00', '', '0', '2017-11-27 20:24:07'),
(173, '000000000000000259', 'TIRAMISU', 263, '', '30.00', '', '0', '2017-11-27 20:24:07'),
(174, '000000000000000260', 'BANOFIE PIE', 263, '', '30.00', '', '0', '2017-11-27 20:24:07'),
(175, '000000000000000261', 'GÂTEAU DU JOURS', 263, '', '30.00', '', '0', '2017-11-27 20:24:07'),
(176, '000000000000000262', 'CRAQUANT AU CHOCOLAT', 263, '', '30.00', '', '0', '2017-11-27 20:24:07'),
(177, '000000000000000263', 'TARTE AU CITRON', 263, '', '30.00', '', '0', '2017-11-27 20:24:07'),
(178, '000000000000000264', 'TARTE DU JOURS', 263, '', '30.00', '', '0', '2017-11-27 20:24:07'),
(179, '000000000000000265', 'PAIN PERDU GLACE CARAMEL', 263, '', '30.00', '', '0', '2017-11-27 20:24:07'),
(180, '000000000000000267', 'FRUIT ROUGE', 263, '', '0.00', '', '0', '2017-11-27 20:24:07'),
(181, '000000000000000268', 'CHOCOLAT', 263, '', '0.00', '', '0', '2017-11-27 20:24:07'),
(182, '000000000000000269', 'CITRON', 263, '', '0.00', '', '0', '2017-11-27 20:24:07'),
(183, '000000000000000271', 'FRAMBOISE', 263, '', '0.00', '', '0', '2017-11-27 20:24:07'),
(184, '000000000000000272', 'CARAMEL', 263, '', '0.00', '', '0', '2017-11-27 20:24:07'),
(185, '000000000000000273', 'OREO', 263, '', '0.00', '', '0', '2017-11-27 20:24:07'),
(186, '000000000000000281', '2 BOULES', 264, '', '35.00', '', '0', '2017-11-27 20:24:07'),
(187, '000000000000000282', '3 BOULES', 264, '', '45.00', '', '0', '2017-11-27 20:24:07'),
(188, '000000000000000283', 'SUP: CHANTILLY', 264, '', '8.00', '', '0', '2017-11-27 20:24:07'),
(189, '000000000000000285', 'VANILLE', 264, '', '0.00', '', '0', '2017-11-27 20:24:07'),
(190, '000000000000000286', 'AMANDE', 264, '', '0.00', '', '0', '2017-11-27 20:24:07'),
(191, '000000000000000287', 'PISTACHE', 264, '', '0.00', '', '0', '2017-11-27 20:24:07'),
(192, '000000000000000288', 'NOUGAT', 264, '', '0.00', '', '0', '2017-11-27 20:24:07'),
(193, '000000000000000289', 'CARAMEL', 264, '', '0.00', '', '0', '2017-11-27 20:24:07'),
(194, '000000000000000290', 'KINDER', 264, '', '0.00', '', '0', '2017-11-27 20:24:07'),
(195, '000000000000000291', 'FERERO', 264, '', '0.00', '', '0', '2017-11-27 20:24:07'),
(196, '000000000000000292', 'OREO', 264, '', '0.00', '', '0', '2017-11-27 20:24:07'),
(197, '000000000000000293', 'FRAISE', 264, '', '0.00', '', '0', '2017-11-27 20:24:07'),
(198, '000000000000000294', 'CITRON', 264, '', '0.00', '', '0', '2017-11-27 20:24:07'),
(199, '000000000000000295', 'MANGUE', 264, '', '0.00', '', '0', '2017-11-27 20:24:07'),
(200, '000000000000000302', 'FORMULE EXPRESS', 265, '', '79.00', '', '0', '2017-11-27 20:24:07'),
(201, '000000000000000303', 'FORMULE PIZZA', 265, '', '89.00', '', '0', '2017-11-27 20:24:07'),
(202, '000000000000000304', 'FORMULE PATE', 265, '', '89.00', '', '0', '2017-11-27 20:24:07'),
(203, '000000000000000305', 'FORMULE COMPLETE', 265, '', '149.00', '', '0', '2017-11-27 20:24:07'),
(204, '000000000000000306', 'FORMULE SANDWICH', 265, '', '59.00', '', '0', '2017-11-27 20:24:07'),
(205, '000000000000000307', 'FORMULE TARTINE', 265, '', '59.00', '', '0', '2017-11-27 20:24:07'),
(206, '000000000000000308', 'PAUSE EXPRESS', 265, '', '36.00', '', '0', '2017-11-27 20:24:07'),
(207, '000000000000000309', 'PAUSE GOURMAND', 265, '', '46.00', '', '0', '2017-11-27 20:24:07'),
(208, '000000000000000319', 'SAUCE AU CHOMPIGNON', 243, '', '0.00', '', '0', '2017-11-27 20:24:07'),
(209, '000000000000000320', 'SAUCE BLANCHE', 243, '', '0.00', '', '0', '2017-11-27 20:24:07'),
(210, '000000000000000321', 'SAUCE POIVRE', 243, '', '0.00', '', '0', '2017-11-27 20:24:07'),
(211, '000000000000000322', 'SAUCE A PART', 243, '', '0.00', '', '0', '2017-11-27 20:24:07'),
(212, '000000000000000323', 'SANS SAUCE', 243, '', '0.00', '', '0', '2017-11-27 20:24:07'),
(213, '000000000000000324', 'POMME NOUVELLE', 243, '', '0.00', '', '0', '2017-11-27 20:24:07'),
(214, '000000000000000325', 'PURER', 243, '', '0.00', '', '0', '2017-11-27 20:24:07'),
(215, '000000000000000326', 'FRITE', 243, '', '0.00', '', '0', '2017-11-27 20:24:07'),
(216, '000000000000000327', 'GRATAIN', 243, '', '0.00', '', '0', '2017-11-27 20:24:07'),
(217, '000000000000000328', 'LEGUME SAUTE', 243, '', '0.00', '', '0', '2017-11-27 20:24:07'),
(218, '000000000000000349', 'NORMAL', 256, '', '0.00', '', '0', '2017-11-27 20:24:07'),
(219, '000000000000000350', 'LEGER', 243, '', '0.00', '', '0', '2017-11-27 20:24:07'),
(220, '000000000000000351', 'ITALIEN', 243, '', '0.00', '', '0', '2017-11-27 20:24:07'),
(221, '000000000000000353', 'TASSE', 243, '', '0.00', '', '0', '2017-11-27 20:24:07'),
(222, '000000000000000354', 'VERRE', 243, '', '0.00', '', '0', '2017-11-27 20:24:07'),
(223, '000000000000000356', 'PAIN GRILLE', 243, '', '0.00', '', '0', '2017-11-27 20:24:07'),
(224, '000000000000000357', 'PAIN RAISIN', 243, '', '0.00', '', '0', '2017-11-27 20:24:07'),
(225, '000000000000000358', 'CROISSANT SIMPLE', 243, '', '0.00', '', '0', '2017-11-27 20:24:07'),
(226, '000000000000000359', 'PAIN AU CHOCOLAT', 243, '', '0.00', '', '0', '2017-11-27 20:24:07'),
(227, '000000000000000362', 'TOAST BEURRE & CONFITURE', 243, '', '0.00', '', '0', '2017-11-27 20:24:07'),
(228, '000000000000000363', 'TOAST AU FROMAGE', 243, '', '0.00', '', '0', '2017-11-27 20:24:07'),
(229, '000000000000000375', 'LAIT CHAUD', 266, '', '15.00', '', '0', '2017-11-27 20:24:07'),
(230, '000000000000000376', 'LAIT CASSE', 266, '', '22.00', '', '0', '2017-11-27 20:24:07'),
(231, '000000000000000377', 'MOITIER MOITIER', 266, '', '22.00', '', '0', '2017-11-27 20:24:07'),
(232, '000000000000000378', 'CREME TIRER', 266, '', '22.00', '', '0', '2017-11-27 20:24:07'),
(233, '000000000000000379', 'LAIT FROID', 266, '', '15.00', '', '0', '2017-11-27 20:24:07'),
(234, NULL, 'test', 259, '0', '20', '20', '0', '2017-11-29 20:05:23'),
(235, NULL, 'test', 259, '0', '20', '20', '0', '2017-11-29 20:06:52'),
(237, NULL, 'test', 248, '4', '20', '16', '1', '2017-11-29 21:52:47'),
(238, NULL, 'pizza test', 247, '6', '20', '14', '1', '2017-11-30 15:12:37'),
(239, NULL, 'test', 261, '2.6', '20', '17.4', '1', '2017-12-02 23:34:02'),
(240, NULL, 'test2', 244, '2.05', '10', '7.95', '3', '2017-12-03 14:16:35'),
(241, NULL, 'pizza', 247, '7.06', '10', '2.94', '2', '2017-12-15 13:34:42');


INSERT INTO `meal_product` (`id`, `product`, `quantity`, `unit`, `unitConvert`, `consumptionRate`, `meal`, `status`, `created_at`, `updated_at`) VALUES
(1, 1, '400', 'Gramme', '0.001', '0.52', 1, 'old', '2017-11-27 21:22:07', '2017-12-16 15:47:45'),
(2, 3, '150', 'Gramme', '0.001', '0.28', 1, 'old', '2017-11-27 21:22:07', '2017-12-15 15:25:43'),
(3, 5, '100', 'Gramme', '0.001', '0.46', 1, 'old', '2017-11-27 21:22:07', '2017-12-16 15:47:45'),
(4, 4, '200', 'Gramme', '0.001', '0.01', 1, 'old', '2017-11-27 21:22:07', '2017-12-03 13:57:00'),
(5, 2, '200', 'Gramme', '0.001', '0.02', 2, 'old', '2017-11-27 21:23:20', '2017-12-04 19:38:38'),
(6, 4, '300', 'Gramme', '0.001', '0.01', 2, 'old', '2017-11-27 21:23:20', '2017-12-04 19:38:38'),
(7, 5, '250', 'Gramme', '0.001', '0.55', 2, 'old', '2017-11-27 21:23:20', '2017-12-04 19:38:39'),
(8, 3, '100', 'Gramme', '0.001', '0.16', 2, 'old', '2017-11-27 21:23:20', '2017-12-04 19:38:39'),
(9, 6, '80', 'Gramme', '0.001', '0.32', 5, 'current', '2017-11-27 21:24:26', '2017-11-27 21:24:26'),
(10, 4, '350', 'Gramme', '0.001', '0.01', 5, 'current', '2017-11-27 21:24:26', '2017-11-27 21:24:26'),
(11, 2, '40', 'Gramme', '0.001', '0.00', 5, 'current', '2017-11-27 21:24:26', '2017-11-27 21:24:26'),
(12, 3, '500', 'Gramme', '0.001', '0.67', 5, 'current', '2017-11-27 21:24:26', '2017-11-27 21:24:26'),
(13, 5, '100', 'Gramme', '0.001', '0.30', 4, 'current', '2017-11-27 21:26:26', '2017-11-27 21:26:26'),
(14, 6, '100', 'Gramme', '0.001', '0.52', 4, 'current', '2017-11-27 21:26:26', '2017-11-27 21:26:26'),
(15, 3, '100', 'Gramme', '0.001', '0.17', 4, 'current', '2017-11-27 21:26:26', '2017-11-27 21:26:26'),
(16, 4, '150', 'Gramme', '0.001', '0.01', 4, 'current', '2017-11-27 21:26:26', '2017-11-27 21:26:26'),
(17, 7, '20', 'Centilitre', '0.001', '1.00', 237, 'old', '2017-11-29 21:52:47', '2017-11-30 00:25:31'),
(18, 8, '0.2', 'Pcs', '1', '1.00', 237, 'current', '2017-11-30 00:25:31', '2017-11-30 00:25:31'),
(19, 7, '20', 'Centilitre', '0.001', '0.04', 238, 'old', '2017-11-30 15:12:37', '2017-11-30 15:13:18'),
(20, 6, '50', 'Gramme', '0.001', '1.00', 238, 'old', '2017-11-30 15:12:37', '2017-11-30 15:13:18'),
(21, 6, '50', 'Gramme\n                                                   ', '0.001', '1.00', 238, 'current', '2017-11-30 15:13:18', '2017-11-30 15:13:18'),
(22, 7, '200', 'Centilitre', '0.001', '1.00', 239, 'current', '2017-12-02 23:34:03', '2017-12-02 23:34:03'),
(23, 2, '200', 'Gramme\n                                                   ', '0.001', '0.02', 2, 'old', '2017-12-03 12:52:56', '2017-12-04 19:38:38'),
(24, 4, '300', 'Gramme\n                                                   ', '0.001', '0.01', 2, 'old', '2017-12-03 12:52:56', '2017-12-04 19:38:38'),
(25, 7, '250', 'Centilitre', '0.001', '0.26', 2, 'old', '2017-12-03 12:52:57', '2017-12-04 19:38:39'),
(26, 3, '100', 'Gramme\n                                                   ', '0.001', '0.16', 2, 'old', '2017-12-03 12:52:57', '2017-12-04 19:38:39'),
(27, 2, '200', 'Gramme\n                                                   ', '0.001', '0.02', 2, 'old', '2017-12-03 13:39:59', '2017-12-04 19:38:38'),
(28, 4, '300', 'Gramme\n                                                   ', '0.001', '0.01', 2, 'old', '2017-12-03 13:40:00', '2017-12-04 19:38:38'),
(29, 7, '250', 'Centilitre\n                                                   ', '0.001', '0.26', 2, 'old', '2017-12-03 13:40:00', '2017-12-04 19:38:39'),
(30, 3, '100', 'Gramme\n                                                   ', '0.001', '0.16', 2, 'old', '2017-12-03 13:40:00', '2017-12-04 19:38:39'),
(31, 7, '10', 'Centilitre', '0.001', '0.26', 2, 'old', '2017-12-03 13:40:01', '2017-12-04 19:38:39'),
(32, 2, '200', 'Gramme\n                                                   ', '0.001', '0.02', 2, 'old', '2017-12-03 13:53:01', '2017-12-04 19:38:38'),
(33, 4, '300', 'Gramme\n                                                   ', '0.001', '0.01', 2, 'old', '2017-12-03 13:53:01', '2017-12-04 19:38:38'),
(34, 3, '100', 'Gramme\n                                                   ', '0.001', '0.16', 2, 'old', '2017-12-03 13:53:01', '2017-12-04 19:38:39'),
(35, 5, '200', 'Gramme\n                                                   ', '0.001', '0.55', 2, 'old', '2017-12-03 13:53:01', '2017-12-04 19:38:39'),
(36, 2, '200', 'Gramme\n                                                   ', '0.001', '0.02', 2, 'old', '2017-12-03 13:54:56', '2017-12-04 19:38:38'),
(37, 4, '300', 'Gramme\n                                                   ', '0.001', '0.01', 2, 'old', '2017-12-03 13:54:57', '2017-12-04 19:38:38'),
(38, 3, '100', 'Gramme\n                                                   ', '0.001', '0.16', 2, 'old', '2017-12-03 13:54:57', '2017-12-04 19:38:39'),
(39, 5, '200', 'Gramme\n                                                   ', '0.001', '0.55', 2, 'old', '2017-12-03 13:54:57', '2017-12-04 19:38:39'),
(40, 7, '20', 'Centilitre', '0.001', '0.26', 2, 'old', '2017-12-03 13:54:57', '2017-12-04 19:38:39'),
(41, 1, '400', 'Gramme\n                                                   ', '0.001', '0.52', 1, 'old', '2017-12-03 13:56:59', '2017-12-16 15:47:45'),
(42, 3, '150', 'Gramme\n                                                   ', '0.001', '0.28', 1, 'old', '2017-12-03 13:57:00', '2017-12-15 15:25:43'),
(43, 5, '100', 'Gramme\n                                                   ', '0.001', '0.46', 1, 'old', '2017-12-03 13:57:00', '2017-12-16 15:47:45'),
(44, 4, '200', 'Gramme\n                                                   ', '0.001', '0.01', 1, 'old', '2017-12-03 13:57:00', '2017-12-04 19:34:46'),
(45, 7, '20', 'Centilitre', '0.001', '0.02', 1, 'old', '2017-12-03 13:57:00', '2017-12-16 15:47:45'),
(46, 2, '20', 'Gramme', '0.001', '0.03', 240, 'old', '2017-12-03 14:16:35', '2017-12-03 14:17:31'),
(47, 7, '30', 'Centilitre', '0.001', '0.19', 240, 'old', '2017-12-03 14:16:35', '2017-12-03 14:17:31'),
(48, 2, '20', 'Gramme\n                                                   ', '0.001', '0.03', 240, 'current', '2017-12-03 14:17:30', '2017-12-03 14:17:31'),
(49, 7, '30', 'Centilitre\n                                                   ', '0.001', '0.19', 240, 'current', '2017-12-03 14:17:30', '2017-12-03 14:17:31'),
(50, 1, '80', 'Gramme', '0.001', '0.78', 240, 'current', '2017-12-03 14:17:31', '2017-12-03 14:17:31'),
(51, 1, '400', 'Gramme\n                                                   ', '0.001', '0.52', 1, 'old', '2017-12-04 19:34:45', '2017-12-16 15:47:45'),
(52, 3, '150', 'Gramme\n                                                   ', '0.001', '0.28', 1, 'old', '2017-12-04 19:34:45', '2017-12-15 15:25:43'),
(53, 5, '100', 'Gramme\n                                                   ', '0.001', '0.46', 1, 'old', '2017-12-04 19:34:46', '2017-12-16 15:47:45'),
(54, 4, '200', 'Gramme\n                                                   ', '0.001', '0.01', 1, 'old', '2017-12-04 19:34:46', '2017-12-13 20:07:15'),
(55, 7, '500', 'Centilitre\n                                                   ', '0.001', '0.02', 1, 'old', '2017-12-04 19:34:47', '2017-12-16 15:47:45'),
(56, 2, '200', 'Gramme\n                                                   ', '0.001', '0.02', 2, 'current', '2017-12-04 19:38:37', '2017-12-04 19:38:38'),
(57, 4, '300', 'Gramme\n                                                   ', '0.001', '0.01', 2, 'current', '2017-12-04 19:38:37', '2017-12-04 19:38:38'),
(58, 3, '100', 'Gramme\n                                                   ', '0.001', '0.16', 2, 'current', '2017-12-04 19:38:38', '2017-12-04 19:38:39'),
(59, 5, '200', 'Gramme\n                                                   ', '0.001', '0.55', 2, 'current', '2017-12-04 19:38:38', '2017-12-04 19:38:39'),
(60, 7, '500', 'Centilitre\n                                                   ', '0.001', '0.26', 2, 'current', '2017-12-04 19:38:38', '2017-12-04 19:38:39'),
(61, 3, '150', 'Gramme\n                                                   ', '0.001', '0.28', 1, 'old', '2017-12-13 20:07:15', '2017-12-15 15:25:43'),
(62, 4, '200', 'Gramme\n                                                   ', '0.001', '0.01', 1, 'old', '2017-12-13 20:07:15', '2017-12-14 13:19:29'),
(63, 5, '100', 'Gramme\n                                                   ', '0.001', '0.46', 1, 'old', '2017-12-13 20:07:15', '2017-12-16 15:47:45'),
(64, 1, '400', 'Gramme\n                                                   ', '0.001', '0.52', 1, 'old', '2017-12-13 20:07:15', '2017-12-16 15:47:45'),
(65, 7, '500', 'Centilitre\n                                                   ', '0.001', '0.02', 1, 'old', '2017-12-13 20:07:15', '2017-12-16 15:47:45'),
(66, 50, '50', 'Centilitre', '0.001', '0.02', 1, 'old', '2017-12-13 20:07:16', '2017-12-14 13:19:30'),
(67, 3, '150', 'Gramme\n                                                   ', '0.001', '0.28', 1, 'old', '2017-12-14 13:19:29', '2017-12-15 15:25:43'),
(68, 4, '200', 'Gramme\n                                                   ', '0.001', '0.01', 1, 'old', '2017-12-14 13:19:30', '2017-12-15 15:25:42'),
(69, 5, '100', 'Gramme\n                                                   ', '0.001', '0.46', 1, 'old', '2017-12-14 13:19:30', '2017-12-16 15:47:45'),
(70, 1, '400', 'Gramme\n                                                   ', '0.001', '0.52', 1, 'old', '2017-12-14 13:19:30', '2017-12-16 15:47:45'),
(71, 7, '500', 'Centilitre\n                                                   ', '0.001', '0.02', 1, 'old', '2017-12-14 13:19:30', '2017-12-16 15:47:45'),
(72, 50, '50', 'Centilitre\n                                                   ', '0.001', '0.02', 1, 'old', '2017-12-14 13:19:30', '2017-12-15 15:25:42'),
(73, 52, '250', 'Gramme', '0.001', '0.05', 1, 'old', '2017-12-14 13:19:30', '2017-12-15 15:25:43'),
(74, 2, '20', 'Gramme', '0.001', '0.01', 241, 'current', '2017-12-15 13:34:43', '2017-12-15 13:34:43'),
(75, 5, '100', 'Gramme', '0.001', '0.99', 241, 'current', '2017-12-15 13:34:43', '2017-12-15 13:34:43'),
(76, 3, '150', 'Gramme\n                                                   ', '0.001', '0.28', 1, 'old', '2017-12-15 15:25:42', '2017-12-16 15:47:45'),
(77, 4, '200', 'Gramme\n                                                   ', '0.001', '0.01', 1, 'old', '2017-12-15 15:25:42', '2017-12-16 15:47:45'),
(78, 5, '100', 'Gramme\n                                                   ', '0.001', '0.46', 1, 'old', '2017-12-15 15:25:42', '2017-12-16 15:47:45'),
(79, 1, '400', 'Gramme\n                                                   ', '0.001', '0.52', 1, 'old', '2017-12-15 15:25:42', '2017-12-16 15:47:45'),
(80, 7, '500', 'Centilitre\n                                                   ', '0.001', '0.02', 1, 'old', '2017-12-15 15:25:42', '2017-12-16 15:47:45'),
(81, 7, '20', 'Centilitre', '0.001', '0.02', 1, 'old', '2017-12-15 15:25:42', '2017-12-16 15:47:45'),
(82, 5, '100', 'Gramme\n                                                   ', '0.001', '0.46', 1, 'old', '2017-12-16 15:47:44', '2017-12-16 16:35:54'),
(83, 1, '400', 'Gramme\n                                                   ', '0.001', '0.52', 1, 'old', '2017-12-16 15:47:45', '2017-12-16 16:35:54'),
(84, 7, '20', 'Centilitre\n                                                   ', '0.001', '0.02', 1, 'old', '2017-12-16 15:47:45', '2017-12-16 16:35:54'),
(85, 5, '100', 'Gramme\n                                                   ', '0.001', '0.46', 1, 'current', '2017-12-16 16:35:54', '2017-12-16 16:35:54'),
(86, 1, '400', 'Gramme\n                                                   ', '0.001', '0.52', 1, 'current', '2017-12-16 16:35:54', '2017-12-16 16:35:54'),
(87, 7, '20', 'Centilitre\n                                                   ', '0.001', '0.02', 1, 'current', '2017-12-16 16:35:54', '2017-12-16 16:35:54');

INSERT INTO `order` (`id`, `provider`, `tva`, `ttc`, `status`, `created_at`) VALUES
(1, 1, '0.20', '36.00', 'received', '2017-12-03 14:20:04'),
(2, 1, '0.20', '7.20', 'received', '2017-12-03 18:35:58'),
(3, 1, '0.20', '54.00', 'received', '2017-12-05 13:25:47');

INSERT INTO `orderdetails` (`id`, `product`, `order_id`, `quantity`, `od_price`, `created_at`) VALUES
(1, 2, 1, 10, '3.00', '2017-12-03 14:20:04'),
(2, 2, 2, 2, '3.00', '2017-12-03 18:35:58'),
(3, 7, 3, 3, '15.00', '2017-12-05 13:25:47'),
(4, 7, 3, 3, '15.00', '2017-12-05 13:25:47');

INSERT INTO `product` (`id`, `name`, `totalQuantity`, `unit`, `unit_price2`, `provider`, `min_quantity`, `daily_quantity`, `quotation`, `status`, `type`, `created_at`, `updated_at`, `externalCode`) VALUES
(1, 'fromage', '70.15', 'kg', '', 0, '1.00', '0.00', NULL, 'active', 'product', '2017-11-27 21:19:06', '2017-12-16 15:49:48', 0),
(2, 'tomate', '84.92', 'kg', '', 1, '0.50', '0.00', NULL, 'active', 'product', '2017-11-27 21:19:06', '2017-12-14 18:17:53', 0),
(3, 'mozzarilla', '64.60', 'kg', '', 0, '1.00', '0.00', NULL, 'active', 'product', '2017-11-27 21:19:06', '2017-12-14 14:28:21', 0),
(4, 'concombre', '8.80', 'kg', '', 0, '2.00', '0.00', NULL, 'active', 'product', '2017-11-27 21:19:06', '2017-12-14 14:28:21', 0),
(5, 'thon', '-0.30', 'kg', '', 0, '2.00', '0.00', NULL, 'active', 'product', '2017-11-27 21:19:06', '2017-12-16 15:49:48', 0),
(6, 'calamar ', '23.36', 'kg', '', 0, '1.00', '0.00', NULL, 'active', 'product', '2017-11-27 21:19:06', '2017-12-14 14:28:21', 0),
(7, 'Huile', '1.41', 'L', '', 1, '2.00', '0.00', NULL, 'active', 'product', '2017-11-29 20:04:23', '2017-12-16 15:49:48', 0),
(8, 'produit1', '22.00', 'pcs', '', 0, '3.00', '0.00', NULL, 'deleted', 'product', '2017-11-30 00:00:18', '2017-11-30 00:26:44', 0),
(9, '', '0.00', 'kg', '', 0, '0.00', '0.00', NULL, 'deleted', 'product', '2017-11-30 00:00:18', '2017-11-30 15:10:33', 0),
(10, '', '0.00', 'kg', '', 0, '0.00', '0.00', NULL, 'deleted', 'product', '2017-11-30 14:58:06', '2017-11-30 15:10:28', 0),
(11, '', '0.00', 'kg', '', 0, '0.00', '0.00', NULL, 'deleted', 'product', '2017-11-30 14:58:07', '2017-11-30 15:10:24', 0),
(12, 'test', '20.00', 'kg', '', 0, '0.00', '0.00', NULL, 'deleted', 'product', '2017-11-30 15:09:27', '2017-11-30 15:09:33', 0),
(13, 'a', '49.00', 'kg', '', 0, '0.00', '0.00', NULL, 'deleted', 'product', '2017-12-02 22:52:08', '2017-12-02 22:52:19', 0),
(14, 'kkkk', '40.00', 'kg', '', 0, '0.00', '0.00', NULL, 'deleted', 'product', '2017-12-02 22:52:49', '2017-12-02 22:53:01', 0),
(15, 'sss', '10.00', 'kg', '', 0, '0.00', '0.00', NULL, 'deleted', 'product', '2017-12-02 22:52:50', '2017-12-02 22:53:04', 0),
(16, 'aaa', '20.00', 'kg', '', 0, '0.00', '0.00', NULL, 'deleted', 'product', '2017-12-03 17:45:58', '2017-12-04 19:32:17', 0),
(17, 'bbb', '20.00', 'kg', '', 0, '1.00', '0.00', NULL, 'deleted', 'product', '2017-12-03 17:47:41', '2017-12-04 19:32:23', 0),
(18, 'ccc', '20.00', 'kg', '', 0, '0.00', '0.00', NULL, 'deleted', 'product', '2017-12-03 17:50:34', '2017-12-04 19:32:27', 0),
(19, 'dd', '20.00', 'kg', '', 0, '0.00', '0.00', NULL, 'deleted', 'product', '2017-12-03 17:53:30', '2017-12-04 19:32:31', 0),
(20, 'aaa', '30.00', 'kg', '', 4, '0.00', '0.00', NULL, 'deleted', 'product', '2017-12-03 17:53:52', '2017-12-04 19:32:35', 0),
(21, 'olive', '0.00', '', '', 1, NULL, NULL, NULL, 'quotation', 'product', '2017-12-05 13:27:30', '2017-12-05 13:27:30', 0),
(22, 'aaaa', '0.00', 'kg', '', NULL, NULL, NULL, NULL, 'active', 'composition', '2017-12-12 01:01:27', '2017-12-12 01:01:27', 0),
(23, 'bbb', '0.00', 'kg', '', NULL, NULL, NULL, NULL, 'active', 'composition', '2017-12-12 13:02:47', '2017-12-12 13:02:47', 0),
(24, 'bbb', '0.00', 'kg', '', NULL, NULL, NULL, NULL, 'deleted', 'composition', '2017-12-12 13:03:15', '2017-12-12 13:15:26', 0),
(25, 'bbb', '0.00', 'kg', '', NULL, NULL, NULL, NULL, 'deleted', 'composition', '2017-12-12 13:04:41', '2017-12-12 13:54:27', 0),
(26, 'sss', '0.00', 'kg', '', NULL, NULL, NULL, NULL, 'deleted', 'composition', '2017-12-12 13:06:39', '2017-12-12 13:54:20', 0),
(27, 'sss', '0.00', 'kg', '', NULL, NULL, NULL, NULL, 'deleted', 'composition', '2017-12-12 13:07:16', '2017-12-12 13:54:31', 0),
(28, 'sss', '0.00', 'kg', '', NULL, NULL, NULL, NULL, 'deleted', 'composition', '2017-12-12 13:07:25', '2017-12-12 13:54:05', 0),
(29, 'sss', '0.00', 'kg', '', NULL, NULL, NULL, NULL, 'deleted', 'composition', '2017-12-12 13:08:14', '2017-12-12 13:54:12', 0),
(30, 'sss', '0.00', 'kg', '', NULL, NULL, NULL, NULL, 'deleted', 'composition', '2017-12-12 13:09:55', '2017-12-12 13:54:09', 0),
(31, 'sss', '0.00', 'kg', '', NULL, NULL, NULL, NULL, 'deleted', 'composition', '2017-12-12 13:10:33', '2017-12-12 13:54:00', 0),
(32, 'sss', '0.00', 'kg', '', NULL, NULL, NULL, NULL, 'deleted', 'composition', '2017-12-12 13:10:52', '2017-12-12 13:53:55', 0),
(33, 'sss', '0.00', 'kg', '', NULL, NULL, NULL, NULL, 'deleted', 'composition', '2017-12-12 13:11:05', '2017-12-12 13:53:51', 0),
(34, 'sss', '0.00', 'kg', '', NULL, NULL, NULL, NULL, 'active', 'composition', '2017-12-12 13:11:15', '2017-12-12 13:11:15', 0),
(35, 'lll', '0.00', 'kg', '', NULL, NULL, NULL, NULL, 'deleted', 'composition', '2017-12-12 13:14:41', '2017-12-12 13:15:37', 0),
(36, 'khalidd', '0.00', 'kg', '', 0, NULL, NULL, NULL, '', 'composition', '2017-12-12 13:55:13', '2017-12-12 19:18:51', 0),
(37, 'essalhi', '0.00', 'kg', '', NULL, NULL, NULL, NULL, 'deleted', 'composition', '2017-12-12 14:48:32', '2017-12-13 13:32:04', 0),
(38, 'aff', '0.00', 'pcs', '', 0, '0.00', '0.00', NULL, 'deleted', 'composition', '2017-12-12 15:27:32', '2017-12-13 16:34:09', 0),
(39, 'lll', '0.00', 'kg', '', NULL, NULL, NULL, NULL, 'deleted', 'composition', '2017-12-12 15:27:59', '2017-12-12 15:35:08', 0),
(40, 'lll', '0.00', 'pcs', '', NULL, NULL, NULL, NULL, 'deleted', 'composition', '2017-12-12 16:23:29', '2017-12-12 22:08:02', 0),
(41, 'iniesta', '0.00', 'kg', '', 0, '0.00', '0.00', NULL, 'deleted', 'composition', '2017-12-12 20:32:23', '2017-12-13 16:34:18', 0),
(42, 'messi', '4.00', 'kg', '', 0, '0.00', '0.00', NULL, 'deleted', 'composition', '2017-12-12 20:40:24', '2017-12-12 22:08:06', 0),
(43, 'messi', '0.42', 'kg', '', NULL, NULL, NULL, NULL, 'active', 'composition', '2017-12-12 22:08:52', '2017-12-12 22:08:52', 0),
(44, 'messi', '0.42', 'kg', '', NULL, NULL, NULL, NULL, 'active', 'composition', '2017-12-12 22:09:32', '2017-12-12 22:09:32', 0),
(45, 'messi', '0.42', 'kg', '', NULL, NULL, NULL, NULL, 'active', 'composition', '2017-12-12 22:10:09', '2017-12-12 22:10:09', 0),
(46, 'messi', '0.42', 'kg', '', NULL, NULL, NULL, NULL, 'deleted', 'composition', '2017-12-12 22:27:34', '2017-12-13 13:32:09', 0),
(47, 'messii', '13.35', 'kg', '', NULL, NULL, NULL, NULL, 'active', 'composition', '2017-12-13 13:33:19', '2017-12-13 19:24:04', 0),
(48, 'iniesta', '2017.00', 'pcs', '', NULL, NULL, NULL, NULL, 'deleted', 'composition', '2017-12-13 15:42:32', '2017-12-13 15:43:01', 0),
(49, 'iniesta', '19.00', 'pcs', '', NULL, NULL, NULL, NULL, 'deleted', 'composition', '2017-12-13 15:43:09', '2017-12-13 15:43:36', 0),
(50, 'iniesta', '-0.10', 'L', '', NULL, NULL, NULL, NULL, 'active', 'composition', '2017-12-13 15:44:20', '2017-12-14 14:21:46', 0),
(51, 'xavi', '10.00', 'kg', '', NULL, NULL, NULL, NULL, 'active', 'composition', '2017-12-13 19:53:28', '2017-12-13 23:17:51', 0),
(52, 'busquet', '4.00', 'kg', '', NULL, NULL, NULL, NULL, 'active', 'composition', '2017-12-14 13:00:19', '2017-12-14 14:21:46', 0),
(53, 'iniesta', '15.00', 'pcs', '', NULL, NULL, NULL, NULL, 'deleted', 'composition', '2017-12-14 14:29:07', '2017-12-14 18:15:13', 0),
(54, 'xavi', '5.15', 'L', '', NULL, NULL, NULL, NULL, 'deleted', 'composition', '2017-12-14 14:35:42', '2017-12-14 18:15:11', 0),
(55, 'aaaa', '6.02', 'kg', '', NULL, NULL, NULL, NULL, 'deleted', 'composition', '2017-12-14 14:37:30', '2017-12-14 18:15:07', 0),
(56, 'xavi', '9.05', 'pcs', '', NULL, NULL, NULL, NULL, 'active', 'composition', '2017-12-14 18:16:45', '2017-12-14 18:17:53', 0);

INSERT INTO `product_composition` (`id`, `product`, `quantity`, `unit`, `unitConvert`, `consumptionRate`, `owner`, `status`, `created_at`, `updated_at`) VALUES
(61, 2, '20', 'kg', '1', NULL, 22, 'current', '2017-12-12 01:01:27', '2017-12-12 01:27:56'),
(62, 2, '50', 'Gramme', '0.001', NULL, 24, 'current', '2017-12-12 13:03:15', '2017-12-12 13:03:15'),
(63, 2, '50', 'Gramme', '0.001', NULL, 25, 'current', '2017-12-12 13:04:41', '2017-12-12 13:04:41'),
(64, 2, '30', 'Gramme', '0.001', NULL, 26, 'current', '2017-12-12 13:06:39', '2017-12-12 13:06:39'),
(65, 2, '30', 'Gramme', '0.001', NULL, 27, 'current', '2017-12-12 13:07:16', '2017-12-12 13:07:16'),
(66, 2, '30', 'Gramme', '0.001', NULL, 28, 'current', '2017-12-12 13:07:26', '2017-12-12 13:07:26'),
(67, 2, '30', 'Gramme', '0.001', NULL, 29, 'current', '2017-12-12 13:08:14', '2017-12-12 13:08:14'),
(68, 2, '30', 'Gramme', '0.001', NULL, 30, 'current', '2017-12-12 13:09:56', '2017-12-12 13:09:56'),
(69, 2, '30', 'Gramme', '0.001', NULL, 31, 'current', '2017-12-12 13:10:33', '2017-12-12 13:10:33'),
(70, 2, '30', 'Gramme', '0.001', NULL, 32, 'current', '2017-12-12 13:10:52', '2017-12-12 13:10:52'),
(71, 2, '30', 'Gramme', '0.001', NULL, 33, 'current', '2017-12-12 13:11:05', '2017-12-12 13:11:05'),
(72, 2, '10', 'Gramme', '0.001', NULL, 35, 'current', '2017-12-12 13:14:41', '2017-12-12 13:14:41'),
(73, 2, '40', 'Gramme', '0.001', NULL, 36, 'current', '2017-12-12 13:55:14', '2017-12-12 13:55:14'),
(74, 2, '500', 'Gramme', '0.001', NULL, 37, 'current', '2017-12-12 14:48:32', '2017-12-12 14:48:32'),
(75, 3, '500', 'Gramme', '0.001', NULL, 37, 'current', '2017-12-12 14:48:32', '2017-12-12 15:22:37'),
(78, 2, '500', 'Gramme', '0.001', NULL, 39, 'current', '2017-12-12 15:28:23', '2017-12-12 15:28:23'),
(79, 3, '500', 'Gramme', '0.001', NULL, 39, 'current', '2017-12-12 15:28:31', '2017-12-12 15:28:31'),
(80, 2, '500', 'KilogrammeKilogramme', '1', NULL, 40, 'current', '2017-12-12 16:23:29', '2017-12-12 16:23:29'),
(81, 4, '20', 'Gramme', '0.001', NULL, 40, 'current', '2017-12-12 16:23:29', '2017-12-12 16:23:29'),
(369, 3, '1', 'Kilogramme', '1', NULL, 42, 'current', '2017-12-12 22:03:46', '2017-12-12 22:03:46'),
(370, 4, '50', 'Milligramme', '0.000001', NULL, 42, 'current', '2017-12-12 22:03:46', '2017-12-12 22:03:46'),
(371, 6, '20', 'Gramme', '0.001', NULL, 42, 'current', '2017-12-12 22:03:47', '2017-12-12 22:03:47'),
(372, 3, '10', 'Gramme', '0.001', NULL, 43, 'current', '2017-12-12 22:08:53', '2017-12-12 22:08:53'),
(373, 4, '20', 'Gramme', '0.001', NULL, 43, 'current', '2017-12-12 22:08:53', '2017-12-12 22:08:53'),
(374, 3, '10', 'Gramme', '0.001', NULL, 44, 'current', '2017-12-12 22:09:32', '2017-12-12 22:09:32'),
(375, 4, '20', 'Gramme', '0.001', NULL, 44, 'current', '2017-12-12 22:09:32', '2017-12-12 22:09:32'),
(376, 3, '10', 'Gramme', '0.001', NULL, 45, 'current', '2017-12-12 22:10:09', '2017-12-12 22:10:09'),
(377, 4, '20', 'Gramme', '0.001', NULL, 45, 'current', '2017-12-12 22:10:09', '2017-12-12 22:10:09'),
(383, 3, '10', 'Gramme', '0.001', NULL, 46, 'current', '2017-12-12 22:30:22', '2017-12-12 22:30:22'),
(384, 4, '20', 'Gramme', '0.001', NULL, 46, 'current', '2017-12-12 22:30:22', '2017-12-12 22:30:22'),
(385, 5, '100', 'Gramme', '0.001', NULL, 46, 'current', '2017-12-12 22:30:22', '2017-12-12 22:30:22'),
(409, 3, '50', 'Kilogramme', '1', NULL, 48, 'current', '2017-12-13 15:42:32', '2017-12-13 15:42:32'),
(410, 6, '100', 'Gramme', '0.001', NULL, 48, 'current', '2017-12-13 15:42:32', '2017-12-13 15:42:32'),
(411, 3, '50', 'Gramme', '0.001', NULL, 49, 'current', '2017-12-13 15:43:09', '2017-12-13 15:43:09'),
(412, 6, '100', 'Gramme', '0.001', NULL, 49, 'current', '2017-12-13 15:43:09', '2017-12-13 15:43:09'),
(434, 2, '0.1', 'Kilogramme', '1', NULL, 47, 'current', '2017-12-13 19:24:04', '2017-12-13 19:24:04'),
(435, 50, '1', 'Pcs', '1', NULL, 47, 'current', '2017-12-13 19:24:04', '2017-12-13 19:24:04'),
(445, 50, '500', 'Centilitre', '0.001', NULL, 51, 'current', '2017-12-13 23:17:41', '2017-12-13 23:17:41'),
(446, 3, '10', 'Gramme', '0.001', NULL, 51, 'current', '2017-12-13 23:17:45', '2017-12-13 23:17:45'),
(460, 3, '50', 'Gramme', '0.001', NULL, 50, 'current', '2017-12-14 13:48:01', '2017-12-14 13:48:01'),
(461, 6, '150', 'Gramme', '0.001', NULL, 50, 'current', '2017-12-14 13:48:02', '2017-12-14 13:48:02'),
(480, 6, '40', 'Gramme', '0.001', NULL, 52, 'current', '2017-12-14 14:21:46', '2017-12-14 14:21:46'),
(481, 1, '60', 'Gramme', '0.001', NULL, 52, 'current', '2017-12-14 14:21:46', '2017-12-14 14:21:46'),
(482, 50, '100', 'Centilitre', '0.001', NULL, 52, 'current', '2017-12-14 14:21:46', '2017-12-14 14:21:46'),
(488, 1, '100', 'Gramme', '0.001', NULL, 53, 'current', '2017-12-14 14:33:23', '2017-12-14 14:33:23'),
(489, 2, '50', 'Gramme', '0.001', NULL, 54, 'current', '2017-12-14 14:35:42', '2017-12-14 14:35:42'),
(490, 2, '5', 'Gramme', '0.001', NULL, 55, 'current', '2017-12-14 14:37:31', '2017-12-14 14:37:31'),
(495, 2, '100', 'Gramme', '0.001', NULL, 56, 'current', '2017-12-14 18:17:52', '2017-12-14 18:17:52'),
(496, 7, '80', 'Centilitre', '0.001', NULL, 56, 'current', '2017-12-14 18:17:53', '2017-12-14 18:17:53');

INSERT INTO `provider` (`id`, `title`, `name`, `prenom`, `address`, `phone`, `mail`, `image`) VALUES
(1, 'assima', 'assima', 'assima', 'casablanca', '026548596', 'assima@gmail.com', '1e5a44c9f10834cd736244fd56d1631f.jpg'),
(2, 'marjane', 'marjane', 'marjane', 'casblanca', '065424544', 'hgfvjsghdg', '04faa485e2ba61f342a1123a23c90bbf.png'),
(4, 'boucherie', 'boucherie', 'boiucherie', 'casablancaz', '031645246148', 'hgvczdghvjhsdgjyh', '596f61bdd476104b74c01d57334751e2.jpg'),
(8, 'l', 'l', 'l', 'l', 'll', 'l', 'profile-default-male.png');


INSERT INTO `quantity` (`id`, `product`, `quantity`, `unit_price`, `status`, `created_at`, `updated_at`) VALUES
(2, 2, '62.92', '3.00', 'active', '2017-11-27 21:19:06', '2017-12-16 17:30:09'),
(3, 3, '48.80', '40.00', 'active', '2017-11-27 21:19:06', '2017-12-16 17:30:09'),
(4, 4, '-30.60', '1.00', 'active', '2017-11-27 21:19:06', '2017-12-16 17:30:09'),
(5, 5, '-12.70', '70.00', 'active', '2017-11-27 21:19:06', '2017-12-16 17:30:09'),
(6, 6, '23.36', '120.00', 'active', '2017-11-27 21:19:06', '2017-11-30 15:37:04'),
(7, 7, '0.00', '13.00', 'sold_out', '2017-11-29 20:04:23', '2017-12-05 13:27:55'),
(8, 8, '22.00', '20.00', 'active', '2017-11-30 00:00:18', '2017-11-30 00:00:18'),
(9, 9, '0.00', '0.00', 'active', '2017-11-30 00:00:18', '2017-11-30 00:00:18'),
(10, 10, '0.00', '0.00', 'active', '2017-11-30 14:58:06', '2017-11-30 14:58:06'),
(11, 11, '0.00', '0.00', 'active', '2017-11-30 14:58:07', '2017-11-30 14:58:07'),
(12, 12, '20.00', '10.00', 'active', '2017-11-30 15:09:27', '2017-11-30 15:09:27'),
(18, 1, '-7.00', '21.00', 'sold_out', '2017-11-30 17:08:10', '2017-11-30 18:17:10'),
(24, 1, '0.00', '20.00', 'sold_out', '2017-11-30 18:17:10', '2017-11-30 19:35:56'),
(25, 1, '-2.00', '21.00', 'sold_out', '2017-11-30 18:48:38', '2017-12-05 13:22:55'),
(26, 1, '69.55', '20.00', 'active', '2017-11-30 18:59:39', '2017-12-16 15:59:26'),
(27, 1, '6.00', '21.00', 'stock', '2017-11-30 19:00:33', '2017-11-30 19:00:33'),
(28, 13, '49.00', '20.00', 'active', '2017-12-02 22:52:09', '2017-12-02 22:52:09'),
(29, 14, '40.00', '20.00', 'active', '2017-12-02 22:52:50', '2017-12-02 22:52:50'),
(30, 15, '10.00', '55.00', 'active', '2017-12-02 22:52:50', '2017-12-02 22:52:50'),
(31, 16, '20.00', '20.00', 'active', '2017-12-03 17:45:58', '2017-12-03 17:45:58'),
(32, 17, '20.00', '20.00', 'active', '2017-12-03 17:47:41', '2017-12-03 17:47:41'),
(33, 18, '20.00', '20.00', 'active', '2017-12-03 17:50:34', '2017-12-03 17:50:34'),
(34, 19, '20.00', '20.00', 'active', '2017-12-03 17:53:30', '2017-12-03 17:53:30'),
(35, 20, '30.00', '20.00', 'active', '2017-12-03 17:53:52', '2017-12-03 17:53:52'),
(36, 7, '-31.27', '15.00', 'active', '2017-12-04 19:50:02', '2017-12-16 17:30:09'),
(37, 7, '0.00', '14.00', 'sold_out', '2017-12-04 20:01:57', '2017-12-04 20:03:57'),
(38, 7, '-13.00', '16.00', 'sold_out', '2017-12-04 20:03:33', '2017-12-04 22:24:18'),
(39, 21, '0.00', '5.00', 'quotation', '2017-12-05 13:27:30', '2017-12-05 13:27:30'),
(40, 53, '21.00', '1.00', 'active', '2017-12-14 14:29:08', '2017-12-14 14:29:56'),
(41, 53, '2.00', '2.00', 'stock', '2017-12-14 14:30:22', '2017-12-14 14:33:23'),
(42, 54, '10.00', '0.15', 'active', '2017-12-14 14:35:42', '2017-12-14 14:35:42'),
(43, 55, '12.00', '0.02', 'active', '2017-12-14 14:37:30', '2017-12-14 14:37:31'),
(44, 56, '10.00', '1.05', 'active', '2017-12-14 18:16:46', '2017-12-14 18:16:46'),
(45, 56, '3.00', '1.50', 'stock', '2017-12-14 18:17:52', '2017-12-14 18:17:52');

INSERT INTO `regularcost` (`id`, `article`, `description`, `price`, `periodicity`, `paiementDate`, `reminderDate`, `status`, `created_at`) VALUES
(5, 'aaa', 'aaaa', '200.00', 'weekly', '2017-12-20', '2017-12-19', 'passive', '2017-11-28 14:40:49'),
(6, 'Chèque banque', 'paiement du chèque pour l''achat de TV', '1000.00', 'monthly', '2018-02-06', '2018-02-04', 'passive', '2017-11-28 21:15:52'),
(9, 'khalid', 'khalid', '200.00', 'none', '2017-12-04', '2017-12-04', 'done', '2017-12-04 18:31:26');

INSERT INTO `reparation` (`id`, `article`, `price`, `problem`, `repairer`, `created_at`) VALUES
(1, 'test', '28.00', 'test', 'khalid', '2017-12-03 16:11:09'),
(2, 'kk', '20.00', 'khalid', 'ffff', '2017-12-03 16:12:02');


INSERT INTO `salary` (`id`, `employee`, `salary`, `advance`, `remain`, `paymentDate`, `absence`, `delay`, `substraction`, `paid`, `created_at`) VALUES
(1, 5, '0.00', 0, 0, '2017-11-30', 0, 0, '0.00', 'false', '2017-11-28 13:34:22'),
(2, 3, '2500.00', 0, 2100, '2017-12-31', 2, 0, '400.00', 'false', '2017-12-01 20:45:21'),
(3, 4, '3000.00', 500, 2400, '2017-12-31', 1, 0, '100.00', 'false', '2017-12-06 12:40:40');

INSERT INTO `stock_meal` (`id`, `meal`, `type`, `department`, `magazin`, `quantityInMagazin`, `quantityToSale`) VALUES
(1, 1, 'magazin', 2, 1, 7, 5),
(2, 2, 'magazin', 2, 1, 5, 5),
(3, 5, 'magazin', 2, 1, 1, 1),
(4, 1, 'magazin', 3, 7, 3, 3),
(5, 1, 'magazin', 1, 9, 0, 2),
(6, 2, 'magazin', 1, 4, 0, 100);

INSERT INTO `stock_product` (`id`, `product`, `quantity`, `department`) VALUES
(1, 2, '2.18', 2),
(3, 2, '4.00', 1),
(4, 5, '9.80', 3),
(5, 1, '5.00', 3),
(6, 1, '5.00', 1),
(7, 7, '10.00', 1),
(8, 5, '4.00', 1);

INSERT INTO `users` (`id`, `su`, `type`, `position`, `email`, `password`, `first_name`, `last_name`, `gender`, `birthday`, `mobile`, `address`, `salary`, `createdAt`) VALUES
(6, 1, 'admin', 'Super Admin', 'admin@admin.com', '21232f297a57a5a743894a0e4a801fc3', 'Khalid', 'ESSALHI', 'male', '2016-12-27', '15245645646', 'asdfsdafasd', '4000.00', '2017-09-24 11:18:04'),
(7, 1, 'employee', 'Employee Super', 'employee@employee.com', 'fa5473530e4d1a5a1e1eb53d2fedb10c', 'EMPLOYEE', 'EDISON', 'male', '2015-11-30', '2323', 'qwsdasd', '5000.00', '2017-09-24 11:18:04');

